Speed,CourseCorrected,cogDiff,speedDiff+1,speedDiff-1,DayTime2,bufferCount
0.0,0.0,155.0,-0.2,-0.2,16.588055555555556,1
0.735644986936036,173.248658490807,3.1658987490160087,0.0,-0.824219819211474,14.5,16
0.760936498469419,124.190503311548,131.190503311548,-0.2668017885652111,0.760936498469419,12.666666666666666,5
0.1663356315650845,83.24182807120815,3.412008303856396,0.070838835044932,-0.0566878885776278,18.0,17
4.195528782116883,184.1456474786572,3.628256850421252,-2.3247218823283244,3.3850643564290968,13.166666666666666,1
0.4,149.0,114.7162117512041,0.06653933326801,0.248485133134283,19.149722222222223,18
2.61191372940228,90.8132243006411,143.9865560917919,-3.76489822714249,1.631146227662943,15.166944444444445,2
9.5253147893435,84.3437276269936,29.6562723730064,0.9748310278371816,1.925314789343501,16.5,1
2.72955084579625,47.8750141143507,32.9725993715036,-1.8922952314343104,1.2982805870694,14.333333333333334,1
0.3182497051735483,32.10758049101412,4.919175933767924,-0.0503444337280984,0.0913165667518994,15.333333333333334,18
0.5964909869502043,129.2987443249903,47.335667947206105,-0.1217248852902682,-0.2130861547925279,15.0,4
0.688025245645516,61.898032853906,0.3208869884815044,-0.056022728903368,0.078952482029335,16.166666666666668,6
4.16098098401422,99.6573588564274,25.467416166515605,-2.83799201126394,2.0528057147541,16.166666666666668,3
4.621745434460775,212.1071788247512,16.521989590130403,-1.415636187386866,1.8850311287747037,15.833333333333334,1
1.26679170733749,86.0076394375337,0.0,-2.0331335559898003,0.0,18.0,7
8.799999999999999,208.0,130.85558244421077,-0.3434263081105015,7.843219765125325,19.799722222222226,10
2.68592012987275,75.1980764170293,43.1980764170293,0.31645174003553,-5.11407987012725,12.833333333333334,2
8.898417548604415,57.20173345634123,0.7402377531522006,2.900053828203684,-3.409534634610589,13.0,1
6.270566276962476,277.66104836315526,7.581827195855169,3.099257746787457,-3.936859261255493,14.833333333333334,1
1.7642880422418998,70.24495142011335,165.75504857988665,0.2541668921909255,1.7642880422418998,14.833333333333334,14
0.5034602295792138,195.0622556676443,0.4897447716138003,0.1034602295792138,-0.5683382269072385,19.0,9
0.577142523834048,109.415314209797,103.584685790203,0.2594196777006489,0.577142523834048,16.666666666666668,6
2.14886244168542,167.190172412379,9.73475787172498,0.7440772737902501,-0.6704287596963101,13.833333333333334,1
0.50731944958985,60.4496660741219,2.7756121172198007,-0.101753314026331,0.1239704661277809,15.833333333333334,8
1.92846335158602,234.452407009297,24.74214292135298,0.3135723644051498,-1.1460675696625702,15.166666666666666,1
4.522872369240558,297.9817841380776,7.070615066211303,2.12823524920187,-2.9440675338756934,21.5,1
0.827598539919046,93.0822049325009,1.0696595307575052,0.3391089783177229,-0.132361664673005,18.166666666666668,6
0.488489561601323,87.6379641547751,5.444240777725796,0.351433738513897,-0.3391089783177229,18.33333333333333,6
1.8341363045540688,263.783201968452,37.3043346282962,-1.427154550619188,0.9782239523340912,18.33333333333333,2
0.038311991710846,1.4994812388637797,1.4994812388637797,-0.3920237363816898,0.038311991710846,18.33333333333333,16
5.77418474142835,191.08607627464,24.086076274639996,0.2831926298451801,-1.2258152585716502,12.833333333333334,1
1.7330939532933467,282.0472393521879,20.250682601812457,-3.866906046706653,0.6984626725871648,16.666666666666668,6
0.8930302503180532,192.3957387463869,22.86360438401724,-0.1177847865092314,0.1748143780775806,15.333333333333334,4
8.677513740889669,77.80704985647668,2.981022897594414,-0.1407527425211761,1.2960403400702347,11.5,1
0.47420226633962,345.061141557071,12.885096744084024,0.0469185990009369,-0.070531962745624,14.333333333333334,7
2.58569939255185,107.53904385906,64.267709214917,-2.86492897813466,0.6404853170882101,14.333333333333334,1
1.16275810631559,119.401693838744,45.2457583012185,-0.50388465973,0.4242259179458221,17.5,4
0.46975782988162,136.6839062525072,0.0,-0.7419972638376209,0.0,18.33333333333333,5
7.813844000618073,2.405277180669998,3.7671032227751766,-1.394523716432741,2.075989367820224,14.166666666666666,1
1.12455483027367,311.302851472819,6.660276562865022,0.4489378721807601,-0.70098703270729,17.666666666666668,3
9.517161704954642,213.78603984059373,14.79389073889692,1.7171617049546422,3.3084003947397944,15.833333333333334,1
1.82636201627356,167.0817520349367,28.678739134636203,0.117613705813085,0.1795146193792016,18.166666666666668,1
0.2755265956078265,237.22042304653405,4.37620873639446,0.0,-0.234134244439356,16.666666666666668,8
2.085564585226177,352.9778851368087,70.89838289940292,-1.6917724910832148,1.8254103685344147,18.0,14
4.97038069777078,237.284958453341,1.9073036561960064,-0.86381605578981,0.7942412502624601,19.83333333333333,1
10.3159603652329,338.710327622896,4.989611653215036,0.3159603652329004,0.2665707940836004,21.333333333333336,1
2.346580006016476,90.3806174888183,0.6188406781991489,0.5590398350897119,-0.1694555877866208,17.0,1
3.370196368225639,212.17568353360525,1.6445138976834528,1.4347973336532045,-1.574076034298448,16.666666666666668,2
0.0,0.0,0.0,-0.6,0.0,19.5,9
2.616369813148879,258.1949619335186,6.602089050243933,1.2509117689680649,-1.1192127851287896,16.5,1
0.951615650082729,111.586143224119,57.08158609480601,0.851615650082729,-0.615955556626541,18.166666666666668,4
0.488236611940227,143.685252658756,13.621136610880995,-0.175802675181299,0.137968106568507,16.333333333333332,16
0.151514866865717,34.2837882487959,97.8502184243651,-0.248485133134283,-0.037249746304156,19.0,20
3.7031343051413774,219.51291711525755,3.5437028153556582,-0.4662401059838306,0.3248770159811691,19.166666666666668,1
1.2906853066161597,134.48302102380245,10.464360191074732,-0.2693393508374739,0.3117630339384112,18.166666666666668,4
0.742297356380413,331.962745732923,24.39957124350002,-0.3372021808635969,-2.567927931997037,17.5,2
3.404394144499775,243.3824456700828,54.3824456700828,0.1597267973435223,3.404394144499775,18.666666666666668,1
8.4,351.0,0.4776687362117968,1.0,1.411172845700975,18.76638888888889,1
5.609352117517283,227.9805055337839,2.4700137827843207,1.6574990015766633,-1.041371413915333,16.666666666666668,1
6.83539071397792,42.7723550530053,6.5281033102967285,-1.1646092860220802,3.1764691594026817,19.0,1
2.94521667033943,343.703622108577,31.148718823195168,-1.5749233876789304,1.058439640961,17.833333333333332,1
0.0,0.0,137.0,-0.6,-0.6,18.621388888888887,1
7.70433512297891,123.708260820697,14.592725259097987,-1.4956648770210892,1.8039645339194097,15.666666666666666,1
4.94701631793467,49.0385842169392,10.042781370644498,0.7191965749396205,-0.83013974176583,17.333333333333332,1
0.1866881939904995,153.1555377676617,7.239481691050912,-0.0999791989224287,-0.2404067123150674,18.166666666666668,21
0.633270429161062,290.983765079208,6.023554431646005,0.491453302517756,-0.915908262424938,17.333333333333332,5
1.6615787911058704,191.8444047291516,0.0,1.4615787911058704,0.0,14.666666666666666,7
2.107366358554603,212.26464864831416,0.0,-0.6093123200813793,0.0,15.833333333333334,3
4.054793712897198,4.498423835690005,10.481362230130683,0.9805809361643258,-0.7539496959391991,13.0,1
0.0,0.0,0.0,0.0,-0.3999999999999999,19.33333333333333,9
0.9039672914508512,288.15619096236,46.42253759405918,-0.6780327739561021,-0.243075549040185,17.0,3
0.245465660029346,235.211769548197,0.0594141286510137,-0.432427866486581,-0.469384411823074,15.0,9
1.2301520229654,338.506836049489,140.21256930966604,-0.9203036144925404,0.2932963182361229,18.666666666666668,3
0.35026850537172,157.306389269637,20.454802719827995,-0.137968106568507,0.093812863748931,16.166666666666668,16
8.1,55.0,0.5588222898935626,2.8265101033652424,-0.1051988135767274,15.016666666666666,2
3.3815814956328185,289.4142481289111,0.4277361378686919,-1.7955818742710847,1.6326849095987173,14.0,3
2.37595652394794,185.862934166197,0.5579930507330175,2.2697828574225203,-2.6899078218546,18.666666666666668,5
1.32309126182512,273.546468077887,4.859269801744972,-0.2613089277876899,0.384923994052302,15.0,3
3.44961467171342,142.592995253328,14.665017549318977,-3.841503747428381,2.77399771362051,18.0,10
2.280509785675576,32.83068629672573,0.0303848076748067,0.0,-0.4082932931421799,17.666666666666668,2
4.8,34.0,29.29326626379805,1.8678449498606309,2.510779748614876,16.633055555555558,2
1.5582627139270215,107.3089527029756,2.5913676267736605,0.5923150468583739,-0.3239954685585859,19.166666666666668,4
1.0717984564864522,194.5725108960305,1.1466119206866097,0.5683382269072385,-0.320189841769219,18.83333333333333,10
2.64377931454829,346.649907394025,11.551250128950016,0.70956309011484,-0.61667646653409,15.5,1
2.25905728560319,1.94430286508072,0.0,0.0938770440929896,0.0,15.0,6
2.289394171863232,91.1753226071802,25.114983386703287,0.6425467749688738,-2.081716968532902,17.833333333333332,1
0.287078995949512,25.3226680084751,2.449672361613501,0.1486489101789949,-0.051503135385491,17.666666666666668,15
1.034631280706182,261.79655675037543,42.35272752650178,-0.6984626725871648,0.406583381156936,16.5,9
1.47723878111735,40.4672953091697,16.0200374472452,0.0458335736571899,0.27721451464782,16.0,4
5.4,283.0,2.6485667401974524,-0.0767915413754192,1.34781001100645,17.61638888888889,5
0.1999999999999999,285.0,85.1551421278655,0.0,-0.2229904950594224,17.75,13
0.4303357280925358,163.09785486452404,161.59837362566026,0.0,0.3920237363816898,18.5,16
1.22242630892016,176.550957127467,86.4799571429244,-0.39723559119807,1.1489799809134464,16.166666666666668,4
4.92921863001879,31.6350697835246,11.4588941337216,0.0,-0.73407825924963,14.833333333333334,2
6.40804488076211,0.466401724227524,5.990639871412496,1.75460472517313,-0.9318405925116,18.00027777777778,1
5.06586434580254,186.42092721693,18.57907278306999,0.0,0.6658643458025395,18.5,4
9.441781745874785,303.9046836199499,0.9046836199498784,-0.0159678000428993,0.0417817458747844,19.666666666666668,1
7.3,37.0,3.4493627080007982,-0.0812185583586098,0.5037874975630396,17.433055555555555,1
6.72095703036709,285.581217480517,0.4908362285789849,0.0,-0.8335415633371506,16.5,2
9.25781895962905,347.515015470863,1.563296782250973,-0.5421810403709504,2.6534022788882305,20.0,1
5.33539082280055,339.509529305103,2.6658702033440136,-0.2529356058310599,0.2187997628998594,16.0,1
2.716826684200215,140.91692643643694,32.31812674644709,1.055900755697609,0.0337711322561271,19.33361111111111,3
0.832193931175316,157.053904725539,6.061616027248988,0.324525733264385,0.0203087937929949,16.833333333333332,15
1.0168393116393812,309.6280034370055,21.435743540497867,0.3087416440439088,-0.6374608690647428,14.166666666666666,4
2.81929120138173,176.924930284104,4.463650038436015,0.6704287596963101,-0.4222987146261698,13.666666666666666,1
2.5112533743021213,310.20240232098536,0.1391380262386974,0.0,0.9482558747379448,16.333333333333332,3
0.226375786562197,151.377187106503,85.55643041128168,-0.129564092263426,0.1846811048082719,18.166666666666668,17
1.14670780669404,78.269521684468,32.0052419123366,-0.0927336821327,-0.4047259037653401,17.666666666666668,4
0.866499785883191,343.8733278942077,13.75541525476109,0.1129613932321029,-0.707586720939836,15.833333333333334,3
2.38235773338227,273.589877637983,6.535950048703,-1.2119650982635402,0.96536948266223,17.0,2
5.32119721614769,349.769554602695,3.929413764584013,-0.4951855266412002,0.8103523552448193,19.5,1
0.9604646475988992,277.49776002313564,0.0,-0.0832721220200507,0.0,14.166666666666666,13
9.660850003038467,95.46303124726506,0.4630312472650644,3.5028321020530697,-1.7391499969615332,16.00027777777778,1
2.08794548269396,149.278607543247,4.021274129866015,0.2721143435835198,-0.0645747756583401,18.166666666666668,1
6.5764672565865,270.33781855801465,2.588218579389832,1.9755865526186296,-2.3773805577143348,17.166944444444447,1
1.50793734186674,185.112099557047,38.17157557233699,-0.60023792739338,-0.6418453988287298,15.833333333333334,2
2.5641116172238174,319.9069748076278,21.83346424182736,0.5695270441758191,-0.7005115699918933,14.833333333333334,3
6.94801957040186,24.803117727274,0.2908632901614005,-1.2863188733378097,1.8193822470592809,19.666666666666668,1
1.76077726036873,19.2553340451155,1.596572521666399,-0.2165645309058801,0.2862448183839599,20.0,1
7.820073520593447,112.39265898820533,1.6229233412933723,1.085023408291435,-1.167190062321347,14.5,2
8.84044789044854,30.23299616059745,11.232996160597452,2.7100427059788297,0.2404478904485412,16.833333333333332,1
0.504849150977971,254.155553168314,123.52959001322998,-1.1313362370726892,0.187126304844572,17.0,5
2.52272592691233,304.795674720021,1.996800499000983,0.33588665940426,-0.0014386833640602,17.166666666666668,1
0.6914583484126932,359.9511383754975,11.536232546809629,0.296258890544904,-0.1974385955554047,18.5,6
3.058279704885992,313.39831892582527,47.17735852592966,0.195448950915591,-0.3544259444403583,14.833333333333334,1
0.9176436996849296,243.01950076181885,53.19504550014133,-0.7178783189703316,0.3257334758057999,18.666666666666668,4
0.1999999999999999,109.0,102.09330957529198,-0.7264313060966481,0.0271565558493379,17.96666666666667,7
5.0,136.0,3.6482497050870393,1.627245015872794,2.055723427484698,16.26638888888889,16
2.958645027066108,224.0597439484192,16.717090771034236,-1.7989105951177535,1.376644961659155,17.333333333333332,1
6.335671140898315,244.1343574486473,1.032170929485801,0.5711243949154321,2.276104452832522,13.166666666666666,1
0.936855704729277,118.719405359155,18.510250018810996,0.0,-3.0637068131069825,18.5,3
0.0954967965201524,72.94748972959667,10.294338341611478,0.0954967965201524,-0.070838835044932,18.166666666666668,16
1.6355220186552613,262.7325325977633,19.713031835944435,-0.8797231954538947,0.7178783189703316,18.83333333333333,2
0.5714307397527145,162.038197978526,1.059656885998038,0.1823191547834224,0.1410950116601787,18.666666666666668,15
3.105197338007032,154.44217438349892,1.6327995619034257,0.213242264049362,0.131354690928017,15.166666666666666,1
0.0,0.0,80.0,-7.6,0.0,17.55472222222222,1
1.049364691133134,260.6584183182068,49.16205070664819,0.0,-0.7441450725337391,15.166666666666666,11
2.6081778942535507,101.04813795426708,4.193705309012898,1.5409037811979769,-3.5498400067318467,16.33361111111111,2
3.1542344095966186,241.0729671035756,18.604661090098688,0.5797211502110589,-0.9482488288929698,18.83333333333333,1
1.22365050703215,215.316675213414,27.444435109984,-0.40164118283574,0.1235245327422398,18.83333333333333,3
6.143302768505821,345.21788383268625,5.519977143723111,-1.6566972314941788,1.3596837088853275,19.33333333333333,1
8.2,173.0,8.66759908373001,7.797083380677594,1.9476747619126389,18.51638888888889,3
0.3999999999999999,302.0,3.907696219781656,-7.0,-0.2710503476502016,18.28305555555556,12
5.937054207139897,181.5353448830351,13.432394425462093,1.1820366633332853,-0.5346173266487622,17.5,1
3.544873307072339,311.7292355248374,1.5268332038520498,-1.124042595291808,1.0336199327702178,16.5,1
0.811885137382321,163.115520752788,10.363251617907991,-0.0203087937929949,0.379362046959505,16.666666666666668,15
1.549178691586,284.960210647562,1.7462780624509833,0.915908262424938,-1.13114087375012,17.166666666666668,6
1.5349068441180138,347.8356403381588,16.507688814932862,-0.1257171269748589,0.3315659296100377,16.333333333333332,3
1.76738740054381,182.915316345709,13.710623797055009,0.1998161938345399,0.6878878632998,17.833333333333332,3
0.0,189.0,64.72895831647011,-3.404394144499775,-3.261290855173257,18.549722222222226,2
4.438953838473911,349.9946502695043,7.134064297103976,0.2603144862019535,-0.7470544901812781,19.83333333333333,1
1.8327342997782647,2.9015427343179567,4.88417604934574,0.7865699426823118,-0.5324850406706858,13.0,7
2.911741649932583,284.74950056755875,6.3094593227125415,1.7650137325451878,-2.7366505392826803,20.166666666666664,1
4.33708725311875,20.1717674099764,11.4633023735482,0.5311248390487604,-0.5921313769000394,15.0,1
3.821443223029725,197.5088886012932,4.910526836327165,-0.9215172503492912,1.517625558447805,18.5,1
0.0,0.0,72.94748972959667,-0.038311991710846,-0.0954967965201524,18.33305555555556,16
2.41115158548927,260.489490823464,24.59544978017601,-0.3753208597605297,0.7113879410227701,15.166666666666666,1
1.793509763666873,211.49636761155864,22.963731465941606,0.7441450725337391,-1.7359572440758289,15.0,7
1.0461420619508843,346.75795236185667,95.4713725781211,-1.2167691881913998,0.3243877410538597,18.666666666666668,8
0.8159396376273002,138.36957588976458,4.112483187858913,0.4456692372849485,-0.4985673261130806,16.0,11
3.244667347156253,231.39392700786027,11.988518662222532,-0.1335899420039554,-0.1597267973435223,18.83333333333333,1
0.9567802348746736,77.14441755578923,37.04998087446256,-7.843219765125325,-1.4143739815918184,19.666666666666668,3
1.55747438539453,345.677788260041,40.704809613475504,-0.14228925907197,-1.5699785454809398,14.833333333333334,2
0.9901598625976809,254.0890176802696,3.3133773677965053,0.2901598625976809,-0.8361916572565782,17.83361111111111,6
3.08992013975693,173.302690775414,15.303540965917987,-1.3433340028684704,1.1080348075438498,18.166666666666668,1
3.2415899160079,181.38858032254,2.225246804504991,0.0,-0.1367266459814997,13.5,2
0.920314454283879,154.578511255564,13.059202688,0.4021664351648201,-0.107423832750751,13.0,7
7.03623986432313,182.188198757164,10.965575977099007,0.3658115591446398,-0.6109495020842406,14.166666666666666,1
3.074149678726147,337.7090754569023,8.987952490683881,-1.320277854525311,1.03523418014387,19.5,1
0.2,183.0,140.750006092582,-0.183348983462069,-0.343135322115555,15.633333333333333,7
0.459069032887485,215.361595675308,6.8317178318040135,0.359069032887485,0.346130841461226,18.166666666666668,15
5.2,346.0,19.38880902138851,1.8897747116225505,2.2161958627181804,17.233055555555556,4
2.887726877850666,3.5671177024730696,17.027638231534638,-0.0678161840171802,-0.0444281722887027,16.833333333333332,1
0.5919102238791297,189.8244552616775,46.54985146601419,-0.3257334758057999,-0.2909426805166002,18.5,3
1.3267262753747675,314.5508406309746,35.44915936902538,-1.878442692025052,0.5267262753747676,18.5,21
0.8,145.0,17.395846916392003,-2.0432839694891696,0.584610134678408,19.566388888888888,19
0.0728833580418854,244.97013272288143,29.009759227978577,0.0204914887533764,-0.0602465734107847,14.5,15
6.23155607873541,205.790352917725,20.031138310334995,0.5491566636986294,-1.6306983317216606,15.0,1
6.4706028946406,316.569167055882,10.300566257149969,-2.28743070870179,1.95046283662224,18.166666666666668,1
0.4,68.0,24.0541632102634,-6.27680356404749,0.158985590260592,20.433333333333334,7
3.171308530175019,259.3273384535933,18.333709909561943,1.4912352533333972,-3.099257746787457,15.0,1
1.07949953724401,196.625940142764,135.336805590159,-0.6878878632998,0.3372021808635969,17.666666666666668,3
0.554768362304745,159.916913847332,13.728694148757995,-0.11103381337229,-1.4612592820474148,14.333333333333334,4
1.10250961460395,44.6268256964906,15.4140468051813,0.1644959492162189,-0.46999347413447,12.833333333333334,3
0.6710503476502016,298.09230378021834,42.47458553539275,0.2710503476502016,0.1912463907607312,18.166666666666668,13
8.23433844373967,23.7251382205533,1.0779795067206983,-0.7622137621441105,1.2863188733378097,19.83333333333333,1
1.47434143984676,193.874372964124,6.248623333044009,0.0,-0.2708583565681199,16.5,6
1.0108150368272846,209.97129672774903,17.575557981362124,-0.0701349921070915,0.1177847865092314,15.5,3
2.3652193404489505,358.0173666849722,1.9826333150277835,0.5324850406706858,-4.434780659551049,12.833333333333334,8
4.60088070396787,266.9696991592013,3.3681193988133487,1.5792884383745234,-1.9755865526186296,17.33361111111111,3
0.67561695809291,157.258012802647,154.044838670172,-2.77399771362051,-0.4489378721807601,17.833333333333332,2
3.508694586418889,39.47350651681279,2.2297105149608,1.447209278582782,-1.6230361123348351,15.0,2
10.0,332.0,6.7103276228959885,-0.7755011430294996,-0.3159603652329004,21.5,2
8.484095816179357,68.60848608918513,11.442378491192358,-0.2864886634501271,0.9884760700990932,14.666666666666666,2
7.8,22.0,3.1855540828213407,3.806974732048511,4.5079217094965465,17.833055555555553,2
2.75712455869089,184.066031350353,2.813886844556009,-0.4608660106312299,0.75883753914517,13.0,1
1.55986480614751,176.414557239823,0.7067823117809837,0.824219819211474,-0.49971331290045,14.333333333333334,13
1.41698825072004,280.125827686686,14.88109771147498,-0.96536948266223,0.704138220381899,16.833333333333332,7
8.2,253.0,2.749427575466001,0.16315448214295,-0.2989670467823,14.15,2
5.47679154137542,286.643341896254,3.6433418962540154,1.8831823730605155,0.0767915413754192,17.666666666666668,7
4.96307665890109,273.6946832806045,2.094480897200583,2.034645984453777,-0.5756300526239411,14.5,1
0.0,0.0,146.0,-7.8,-0.6,16.55472222222222,1
5.931300359026203,343.9508054856381,6.705612757082747,2.4084361119523288,-1.9773981725850964,15.166666666666666,1
2.49780589530408,129.600874211426,0.7820813590919897,2.49780589530408,-1.1976746659669502,16.5,4
1.11675472495857,328.28749232423,26.96711710365196,0.7074641289835522,0.04234394877092,12.333333333333334,8
0.959960204592051,94.1518644632584,0.588446461410399,0.132361664673005,0.077059939213672,18.0,7
0.5845812020354346,273.952974842834,2.831101179264465,-0.2547683573150906,0.2108263173996847,18.83333333333333,5
0.9,23.0,86.43474244801803,0.6039528971621291,0.46160591704285,17.266666666666666,16
8.889862399631376,35.618249448989104,2.618249448989104,-1.3829123499471,1.2898623996313765,11.166666666666668,1
3.261290855173257,253.7289583164701,10.054243651981864,3.261290855173257,1.427154550619188,18.5,2
8.2,102.0,102.0,1.0898318103802191,8.2,11.6,1
0.390717335785834,153.5174438941,0.874554565803976,0.0,0.034777456960211,18.5,18
0.0523918692885089,295.2033513716112,50.23321864872975,-0.0038845512645203,-0.0204914887533764,14.666666666666666,14
0.4303357280925358,163.09785486452404,0.0,-0.1410950116601787,0.0,18.5,16
8.2,303.0,2.705844423982512,1.4550932581847211,0.1313657639083754,17.01638888888889,2
0.0,213.0,83.399125788574,-0.577142523834048,-2.49780589530408,16.633055555555558,6
8.6,148.0,6.942616517754999,-1.788912157620901,0.8575633044715198,14.633333333333333,1
5.52907536438139,282.976671039353,0.0,0.5290753643813897,0.0,16.666666666666668,3
0.1999999999999999,285.0,0.0,-0.0601542166917624,0.0,17.75,13
2.81494757224163,121.102093021383,16.765875108537998,0.68921017065469,-0.7397705345577199,17.166666666666668,1
0.331599761133941,149.236559337899,4.280884556201016,0.142835147964068,-0.0591175746518929,18.666666666666668,18
0.301568605019785,221.595007621906,152.89247271363962,-0.429516091329303,-0.3134506789094909,14.5,8
1.5600246574536336,138.45069724458187,3.967676220779424,0.0,0.2693393508374739,18.33333333333333,4
0.6375532821417152,334.4990538639554,40.4990538639554,-0.2372115412903025,0.5375532821417154,18.0,8
10.057231408340824,206.76525264870816,3.9867143068460393,0.2572314083408233,0.6834938342114487,20.333333333333336,2
0.3685941389016468,20.579802600030177,11.52777789098394,-0.0394648741662695,0.0503444337280984,15.5,18
3.80596241406999,9.06523472114924,11.10653268882716,0.5455066329876099,-0.5311248390487604,15.166666666666666,1
0.7217363050186599,237.1485217972337,7.352168019290787,0.2120754649714774,-0.2022182337379574,16.333333333333332,10
5.5087370422625455,73.84739604055221,0.1824703503821751,1.5713445312114285,-0.8541807723685357,14.833333333333334,1
5.156069480191342,354.165146214639,0.5961336853254124,-1.067943596458755,1.3787324038819504,18.33333333333333,1
2.21284197756682,302.541239539191,21.57023923542397,-1.78715802243318,1.339473562223327,13.5,6
0.9774350686498025,207.7869738522765,33.841294294867595,-0.5270331867781831,0.4127997857156067,12.5,8
0.9523874969105424,246.4229186761918,0.2780958124598953,-0.049650869076278,0.0930945310932916,18.0,6
6.34170682786752,301.5847038660103,1.0862184159869912,-1.2362421665281182,1.4584680987831984,19.0,1
0.518148019119059,191.568099070023,36.98958781445901,-0.355220396224434,-0.4021664351648201,13.166666666666666,6
5.0,275.0,7.976671039352993,0.97657254564806,-0.5290753643813897,16.69972222222222,3
0.926431306096648,289.4313264266389,179.56867357336108,-4.511033586822441,0.7264313060966481,18.0,7
1.660925928502606,181.2983845395773,40.381458103140375,-1.0913561242560224,-1.055900755697609,19.50027777777778,3
0.112938191426259,222.193313507112,160.60315885103438,-0.346130841461226,-0.0254918943442579,18.0,14
8.0,179.0,12.018473886955604,6.322143227935659,6.478764908812792,15.583333333333334,4
0.7068027460193288,318.8145669575111,9.81456695751109,-0.8561947535448476,0.3068027460193289,16.0,12
0.3999999999999999,292.0,34.03611391637111,-0.3217543208970247,-0.8076719199096745,18.399722222222223,7
2.361433679038719,224.7007565831465,11.125038892675406,-2.463246462835475,1.858647039651063,15.5,10
2.68885063958759,238.571462693619,10.106252192236012,0.53906789889212,-0.09762180566221,15.5,1
1.7762796802814678,41.61578878757547,10.536426137331432,1.060385171613452,-1.8381847129468716,13.5,3
0.1,264.0,48.638404324692,-0.0130272943717349,-0.359069032887485,18.26638888888889,15
2.01241851095276,327.942226344534,77.345496523686,-3.3875814890472404,0.46563115841543,15.5,2
3.717810753317207,108.73177202828924,22.95419132593668,1.0214475897146365,-0.0467415350189868,12.333333333333334,2
2.0915093467436923,208.2907362263344,17.46158728838782,0.4015031978927761,0.468321500254329,13.5,2
0.2630563585763706,303.5473391999431,29.4198854565978,0.1630563585763707,-0.095439179338287,17.833333333333332,8
1.19471189446322,312.923016602188,18.921567119982,0.0521091135708,-0.6474357598752101,16.0,5
5.8,197.0,21.291551000212053,-1.0,3.296790100635754,19.46666666666667,2
4.635982260480305,79.5840710656027,11.539647110068984,-1.2826946898566494,1.9216532462362723,14.166666666666666,1
3.193118099243421,123.73872403712151,2.804288456369349,0.6951262172837254,-0.7689405267614662,15.333333333333334,1
2.686911962649777,161.42522886278186,8.25032288643331,-0.1560246163768344,0.288442107698637,14.666666666666666,2
0.4,56.0,98.176835799257,-0.94810929833176,-1.41583113911044,18.5,4
0.5071892880792476,29.12166338035269,35.70229627030108,-0.0111170179288671,-0.1353217618760447,17.166666666666668,9
0.43839408295715,296.565257551982,17.603011361183974,-0.46160591704285,-0.340687937455215,17.166666666666668,17
1.0176771273681957,303.2314414121381,13.670693008710089,0.291851993531396,-0.408649104069001,15.0,9
3.3782572891602083,223.0566199306132,8.337307077247061,-0.3248770159811691,0.1335899420039554,19.0,1
4.610916578130129,176.2230838908215,1.4395249873664395,1.6353493599005722,-2.0299998080281823,12.5,1
2.0270715245707747,34.46021501570209,5.028537665722354,1.1261520181403095,-1.4133665910712772,17.666666666666668,3
2.05931129819737,88.4870963722416,10.487096372241597,1.357516748672108,-1.04068870180263,16.333333333333332,19
0.3999999999999999,105.0,0.0,-1.971154216466492,0.0,19.433333333333334,10
1.4082289357617113,305.2212922505657,179.22129225056568,-2.396050810950384,0.4082289357617112,19.0,6
6.1731269484249,339.80160401508,1.3004481607840148,-1.6268730515750995,0.3058309452046899,16.5,2
4.572931430089984,2.10737238607112,1.1600523984060378,1.0063839178453209,-1.103118748674187,16.833333333333332,1
1.828250704150403,186.2384339070248,9.959446835932198,0.828250704150403,0.5054715688766209,16.666666666666668,13
1.49751909974858,324.406010408982,0.0,-0.32802276323238,0.0,17.333333333333332,15
5.538706711525031,275.7891641778051,7.059621325607623,0.5756300526239411,0.8379939700247192,14.333333333333334,1
3.724524989361466,266.2737182562622,162.4606812334324,-3.675475010638535,3.4599993327382363,12.833333333333334,3
0.3265300013206298,17.36173654767873,77.99469827108692,-0.8547412676176991,-1.6439493064870423,17.333333333333332,3
1.11756876230753,305.692435895229,4.893568336350995,0.5744334401919751,-0.3798628421737999,15.333333333333334,8
0.8267107009993493,129.95003488931985,11.396798361994456,-0.0624143707479381,-2.5460442831278565,16.5,5
0.8747648234320178,342.0350039300669,7.535950066111525,-0.0141321205360801,0.2372115412903025,18.166666666666668,6
0.456024346800096,296.958967483888,82.04103251611201,-0.482142920972722,0.456024346800096,14.666666666666666,6
1.243896051085548,72.1074277249428,24.96406320595247,1.043896051085548,0.5484214912121049,13.666666666666666,17
1.3826181892803733,56.3223633236413,12.698617867491803,0.0,-0.8037856177213072,14.666666666666666,3
0.0,0.0,31.0,0.0,-0.1,18.33333333333333,1
2.060314785074884,113.6244372405758,3.814227715536561,0.3270530318762308,-0.2410743369817432,17.833333333333332,1
0.1,329.0,142.58614322411898,0.1,-0.851615650082729,18.23333333333333,4
0.1999999999999999,169.0,142.67990927241544,-4.931730698753724,-2.9020844129886614,14.833055555555555,3
9.49744116343096,3.49822669693896,4.742190606440943,-1.6984898137997408,1.7129092992677997,16.0,1
0.8559123522199777,301.0875365967482,66.84382498557306,-0.9782239523340912,-0.1617729729942386,18.166666666666668,3
1.646847396894358,138.4030129003005,47.22769029312029,-0.1795146193792016,-0.6425467749688738,18.0,1
1.88677702937843,14.8523409317722,0.0,-1.058439640961,0.0,17.666666666666668,2
0.6,118.0,80.00950439085295,-0.6842482895339211,0.3555176614061947,19.53305555555556,7
0.465302001862419,98.9271159989051,65.92023618733214,-0.4112571114812681,-0.5684457635443878,15.166666666666666,3
11.2,287.0,0.8808557828720041,1.4569286394820988,1.4384140144185498,12.233333333333333,1
0.2269331384216488,37.02675642478204,15.146654760334576,-0.0913165667518994,0.1408640369178316,15.166666666666666,16
7.2,49.0,3.888476741369459,3.9422978521329264,3.18706747222931,13.71638888888889,2
0.8765591133436871,168.48103062648977,69.55391462758467,-0.6446759778435206,0.4112571114812681,15.333333333333334,4
0.7386072075456687,213.83735209263625,20.01794511000776,0.4498546391944656,-0.7327188168820411,13.0,8
3.3816929671783136,301.2608291432396,36.7546591015938,-4.618307032821686,0.7693143862555938,15.5,1
5.52907536438139,282.976671039353,2.6045464411640182,0.0,-1.1918816659857,16.666666666666668,3
5.40388992890624,181.533241390253,13.151196695015017,-1.2482311376234696,1.4756656696374502,17.333333333333332,1
10.3889121576209,148.199941626622,0.1999416266220066,1.1192267284067814,1.788912157620901,14.666666666666666,1
2.25905728560319,1.94430286508072,0.9410368644955702,0.0,0.2206700698222796,15.0,6
0.0999999999999999,294.0,9.54733919994311,-0.5375532821417154,-0.1630563585763707,17.849722222222223,8
8.010177566591947,148.1858409771121,0.5569950731660924,0.9482710340061632,-0.513487057907323,12.0,1
0.0,0.0,0.0,0.0,0.0,19.5,9
0.4558296807667009,48.7119185238754,29.130337610803,-0.0002091025583038,-0.0235452499653028,15.666666666666666,9
9.457749545917684,304.5857771545365,0.6810935345866369,0.0435184289437184,0.0159678000428993,19.83333333333333,1
0.1999999999999999,156.0,0.0,0.1999999999999999,0.0,18.0,5
2.52135330172727,267.449865285655,33.449865285654994,0.2936106266285496,-4.078646698272729,12.666666666666666,5
0.10617366652542,223.917843262365,38.05490909616802,-1.72184590297325,-2.2697828574225203,18.83333333333333,6
1.26171030302586,35.3487440660192,160.1911964934178,-1.15733013656844,1.148683008654125,18.5,15
3.511596501611729,275.5483475990443,4.522028976028707,-1.1015689748692452,0.9963512875025732,19.166666666666668,2
4.8,129.0,18.555802556995616,1.5706733242424256,1.3758994526088668,17.4,8
0.113027294371735,195.539940559437,68.46005944056299,-1.148683008654125,0.0130272943717349,18.33333333333333,15
0.2651454872822388,127.1788117484191,50.69705543312944,-0.0581336606524074,-0.4405102235732072,17.5,15
1.049364691133134,260.6584183182068,0.0,0.0420639627014116,0.0,15.166666666666666,11
0.5096608400471825,241.5966317829285,4.448109985694799,0.234134244439356,-0.2120754649714774,16.5,10
2.0832504724925,51.1498049476712,14.899283658760396,-1.08762526840751,0.8991731407693397,14.166666666666666,2
7.0758525596068855,258.08812107502297,114.15758251640229,-1.3241474403931148,-2.569207242077882,19.5,2
2.683055551944088,108.59879968998985,59.154802793036026,-0.0337711322561271,-0.5451847350380961,19.166944444444447,1
0.7703833480782267,10.804501683962826,20.6625170241374,-0.1685886750221679,0.7302870325179684,17.166666666666668,8
2.1525202583523,145.257333413381,4.502380827321986,0.0645747756583401,0.14330200762168,18.0,1
0.399396144192276,109.01261492905576,49.64689941567429,0.0,0.2794385758829745,17.0,9
1.1365667688609828,221.04878546068045,9.223085910202144,0.2126122301043654,-0.2448011002871608,16.0,4
2.5112533743021213,310.20240232098536,0.0,-1.0336199327702178,0.0,16.333333333333332,3
10.0,334.0,4.357363704248996,10.0,-0.6453786309599998,21.69972222222222,1
0.8971044042452102,178.20989976056535,47.132958783379934,-0.3983035582736028,0.4782990873320628,18.166666666666668,4
5.80731090909561,59.3037562972536,11.6962437027464,2.4304096203450096,-1.5926890909043907,16.666666666666668,1
9.4,303.0,5.440838111788423,-0.0417817458747844,1.812868780101588,19.6,1
1.862465060747996,12.952644162896036,5.827625131689501,0.664757526990523,-0.7978173506202417,17.333333333333332,2
4.4357963442990735,2.187602442117281,15.718376854296196,1.1711731570833628,-1.826030037125831,14.5,1
6.33980068710566,17.8700169341647,3.129983065835301,0.69820860226503,-2.060199312894341,12.833333333333334,1
4.824680141874194,221.27280193045056,3.427954652695945,-3.5753198581258063,2.463246462835475,15.666666666666666,12
8.460745743655357,107.3853735764655,3.617592671055817,-0.1392542563446426,-0.1821946593506034,13.333333333333334,1
3.292078290503453,18.81444591717866,3.1244564641205024,-4.5079217094965465,0.8046754078613141,17.666666666666668,1
7.03809713547402,83.5530183569947,1.5372050297058024,1.8835650872729204,-2.2171630818239496,12.0,1
1.62529168986789,231.416414358228,16.09973914481401,-0.53672683594322,0.40164118283574,19.0,2
0.0847290985259818,340.7594934004322,24.260763073227167,0.0,-1.0744497525363828,16.333333333333332,8
0.4798039568894703,340.5668893156111,35.22192932324265,-0.1912463907607312,0.0448000458667174,18.0,14
7.416411265830424,51.97999903046781,3.7020739025448393,0.4164112658304244,2.463157825695755,17.333333333333332,1
2.322091509853704,336.306417719331,6.962775223037795,0.9077643182844024,-0.7179827721062528,17.0,2
3.44553413098326,240.477232609925,0.0860447099159955,-0.7306053165250601,0.6715283126046501,19.5,1
2.18683926750807,308.362376004942,3.5667012849210096,0.0,-0.33588665940426,17.333333333333332,4
2.53302978987258,62.7197297935327,43.7601224311587,-0.3748628522721899,-4.82919882055123,16.5,1
0.3999999999999999,309.0,31.066393803370545,-0.3068027460193289,-0.0865056943835391,15.983333333333334,12
2.88285976944788,98.0597269675439,10.883803511379,-0.8698853720953701,0.70136074715455,11.166666666666668,1
2.4,306.0,54.0,0.8492087397586983,2.4,11.75,8
7.0,54.0,2.020000969532191,-0.5154972889435312,-0.4164112658304244,17.433055555555555,1
7.84944034396912,218.421257400434,0.3735924171890019,0.0494403439691204,-0.3153429763693394,13.0,1
6.860871844817204,221.2073315900978,0.0,-0.2068155959328326,0.0,16.166666666666668,2
1.9626270099624008,129.03421282752652,9.55469429397408,-6.837372990037598,-0.4345983218448601,15.5,4
1.7809583567435592,287.5502341521335,92.74969093382674,-3.7598820860410154,-1.362714532682399,14.333333333333334,1
0.779082020412365,278.962246190798,3.3684345935860165,0.340687937455215,0.0624396424216839,17.0,19
0.5052749249039566,349.8897205927609,12.702377136233736,0.1128790774018,-0.013031381104158,17.5,11
2.22774267509872,253.761192097558,13.688673188097,0.2382821403260202,-0.2936106266285496,12.833333333333334,2
1.88677702937843,14.8523409317722,47.1575564157086,0.0,0.2336193474171801,17.666666666666668,2
2.84328396948917,347.573379321682,157.426620678318,-3.76113271125165,2.0432839694891696,19.666666666666668,18
1.5468038024708923,319.9841356817573,6.386336431499956,0.899096028382654,-0.1087064467922322,17.0,14
0.0,236.0,173.978118264942,-1.7642880422418998,-0.6758637138274183,14.783333333333331,12
0.0,154.0,162.827257529865,-0.75058766270167,-1.53600619723394,17.649722222222223,18
8.06644637761582,191.122752098203,1.0696853968779862,-0.1198779578931787,0.5149575139129405,17.833333333333332,1
5.0,84.0,54.45069724458188,5.0,3.4399753425463664,18.46666666666667,3
4.417442204181109,117.445027588325,10.487440143172975,-0.1243163874181378,0.6589304571555359,15.666666666666666,1
0.1999999999999999,127.0,28.77638141048089,-0.3430237137284065,-0.6447792601178719,17.5,8
1.2076719199096744,257.9638860836289,52.44702130435343,0.8076719199096745,-0.3214524487003454,18.33333333333333,10
0.3923958475021566,346.80316088395574,0.0,0.2195524033514946,0.0,17.666666666666668,8
1.2841970293632856,336.63898961380784,122.36546685808372,-0.9346246354488864,-0.2833446343368428,16.666666666666668,5
1.211755093719241,117.93078057009456,18.753125682412644,-0.4963159056075918,0.7419972638376209,18.5,6
1.5820000654069533,240.77683471945343,47.37935624290654,-1.376644961659155,0.6780327739561021,17.166666666666668,2
11.1959309772307,9.2163072060228,5.718080509083839,-0.2040690227692998,1.6984898137997408,16.166666666666668,1
5.653920848882411,148.68110474174142,14.565165399636442,-3.146079151117588,-0.006066388305884,17.0,1
2.6927717160019724,17.55248629160144,0.0,-0.498910769623718,0.0,17.5,2
0.172843444150662,6.906690424708017,20.10352954075228,-0.0271565558493379,-0.2195524033514946,17.833333333333332,7
7.03354141771113,119.550441090005,3.4495589099950053,0.0,-2.166458582288869,15.833333333333334,9
6.25232523808736,181.66759908373,5.253244153960992,-1.9476747619126389,-1.003952545749789,18.5,3
2.25144930258933,267.14681167266207,17.466625626590826,0.5600585253621311,-1.016138297207012,13.833333333333334,2
0.75058766270167,346.297282750884,167.702717249116,0.419192947242531,0.75058766270167,17.666666666666668,18
0.9633713248726335,349.33909836851785,123.97497195215146,-0.656267028633366,0.1020066960470155,17.833333333333332,3
0.6425110499552923,64.82395965065376,0.0,0.1353217618760447,0.0,17.0,12
8.205198813576727,55.55882228989356,5.75755980242667,0.1051988135767274,-0.565385666052757,15.0,2
0.6477077740882383,290.3487791739548,29.6353565078025,-0.3522922259117617,-0.899096028382654,17.166666666666668,15
2.1651802415102,1.3854626546447,0.55884021043602,0.4087539339131802,-0.0938770440929896,15.166666666666666,3
1.0073007284317224,305.60426839505175,0.0,0.2124085036101692,0.0,15.333333333333334,11
1.19548622209158,177.536937081476,0.1210880073689963,0.99548622209158,-0.4241756780266499,16.5,7
8.36020709673728,180.632559372221,1.5482261620652764,1.245902614895268,-1.1033436169715554,15.666666666666666,1
3.1,78.0,12.289873151634396,1.04068870180263,1.95739721910758,16.26638888888889,15
3.804279746712095,303.4838282220168,1.7374640285488567,-1.9406362710646432,2.396050810950384,19.166666666666668,1
3.1916824856256905,22.189649329468693,4.6371630378672535,-0.1587812056446074,0.498910769623718,17.666666666666668,1
9.25386225408851,18.5521700177696,3.1238092175826004,0.4538622540885093,0.2573100482047294,20.166666666666664,1
0.2638212094645103,88.1897367570138,1.5358410867847851,-0.0245481041120463,0.0407963607737097,17.0,15
3.69548056127103,128.818792852334,6.634312631398018,1.1976746659669502,0.1610584849340401,16.333333333333332,1
0.738532188369768,74.1559355375255,60.020174629130096,-0.4242259179458221,-0.4583886476119421,17.333333333333332,3
0.18426522409164,278.643336260477,20.40293778309604,-0.01849177846735,0.031064301414419,15.166666666666666,16
1.7332617531986534,118.56716846451836,4.942731223942559,0.4043276536124502,-0.3270530318762308,18.0,2
7.46299985990144,216.0543759522759,8.697035084532445,-0.2783628801424589,0.8865173520639882,16.166666666666668,1
1.4653204225102725,191.4717931762323,3.736585947726184,0.0733321242546012,0.1699124599914594,18.5,3
0.2,322.0,148.751341509193,0.034834229573034,-0.535644986936036,14.633333333333333,17
2.90789264214477,137.360352330635,74.6406225371023,-0.4123144580526596,0.3748628522721899,16.666666666666668,1
0.215389865321592,127.604153083608,47.42081325484901,-0.584610134678408,-0.04268135025502,19.5,20
4.62184607723056,36.2244863646019,11.650527749748797,-2.272943980030409,1.8922952314343104,14.5,1
0.1663373815410403,83.24197020430609,10.29394147938558,-0.0566874671497603,0.0708385249734929,16.666666666666668,13
0.1999999999999999,113.0,147.72346962177647,-2.176210409235981,-3.3228642470738743,15.383333333333333,2
2.994347186811158,24.74161931141225,8.534614642917404,0.0742182783854725,0.0388041249433115,17.166666666666668,1
3.937392511051117,75.46294011081511,1.6155440702628994,2.263753787869832,-1.5713445312114285,15.0,4
4.152521552393193,176.62104247032096,6.404780759875393,-1.671344764638384,1.3927242408284362,13.666666666666666,1
1.0073007284317224,305.60426839505175,44.94585007684492,0.0,-0.0420639627014116,15.333333333333334,11
9.4,295.0,2.889852087266433,0.1273495956772183,-0.0745333673400452,20.91638888888889,1
1.73956049491824,184.482741783001,1.8414002099110007,-0.00563930149664,0.2932767552612298,16.166666666666668,5
0.6,223.0,112.176417381546,0.6,0.4629441769125739,18.61638888888889,6
0.0,0.0,84.0,-8.4,-5.0,18.47138888888889,1
1.203340914507976,331.3279515232259,43.807893235280574,-0.3315659296100377,0.1689489027127604,16.166666666666668,5
2.024657075165219,182.65013922069227,22.303928246941496,-0.3738127797859212,0.3310349143169571,14.333333333333334,2
0.731084696349088,233.414863793555,11.819856171649008,0.016234624496668,0.429516091329303,14.666666666666666,10
3.424694817595692,27.874180702373508,8.873116266337092,-1.2753051824043071,2.0783442099967457,18.83361111111111,5
1.82554186298096,317.963128035684,6.442882373298005,0.70098703270729,0.32802276323238,17.5,11
0.188764613169873,132.134006673161,17.102552664738,0.037249746304156,-0.142835147964068,18.83333333333333,20
0.3999999999999999,0.0,164.9377443323557,0.0013955771863274,-0.1034602295792138,19.066666666666663,9
6.130405184469711,39.08103807683307,8.848041916235616,2.649213245664406,-2.7100427059788297,17.0,1
0.664039287121526,134.694257846565,8.990994812191019,0.064039287121526,0.175802675181299,16.5,16
7.678425392754811,19.707704118677327,19.707704118677327,-0.3215746072451892,7.678425392754811,13.666666666666666,2
0.4350039110227529,15.78881863885374,32.67623166295073,-0.0448000458667174,0.1117247630881065,17.833333333333332,15
0.6,146.0,11.305742153435006,0.6,-0.064039287121526,16.55,8
0.310542326321703,222.6947326648,97.52806328094,-0.3283264738200649,0.1218281188854069,14.666666666666666,6
0.6,0.0,0.0,-8.0,0.6,19.6,9
1.81583113911044,154.176835799257,4.898228256009986,1.41583113911044,-0.2721143435835198,18.33333333333333,3
0.288752568351203,265.073711163011,51.23635907037476,-0.0491859798733558,-0.4498546391944656,13.166666666666666,7
1.2879752481559774,111.17642260712772,90.17642260712772,0.3269276347581638,-2.9120247518440228,15.833333333333334,11
0.317722846133399,130.625963155084,21.210648945287005,-0.187126304844572,-0.2594196777006489,16.833333333333332,5
4.78393807660477,112.039497400073,5.975850103809009,-1.1872665143284502,1.0311929350615197,11.5,1
1.99828701954572,181.252144505797,171.747855494203,-0.75883753914517,1.99828701954572,12.833333333333334,2
0.3999999999999999,105.0,21.521423000985124,0.0,0.1038222140412434,19.433333333333334,10
1.72305083430207,270.057438506398,0.4139752472769942,0.12413675164664,0.00495480561735,15.5,1
3.53442207633699,122.184480220936,24.8658745075753,-0.1610584849340401,1.25514923190102,16.166666666666668,1
1.70020502759605,250.312587273921,1.5890319531820012,-1.89979497240395,0.21858279082103,15.5,5
0.21113589783483,204.097640782597,25.091793745403976,-0.045319743787959,0.008280375256824,15.833333333333334,16
3.0411913845102263,175.28933620620478,7.0073504250183305,2.6411913845102264,1.6048072162631437,13.666666666666666,7
0.302478070111007,29.7595347964331,19.2396257419718,-0.0302298644052189,0.040904495437648,16.333333333333332,11
1.65258295921316,124.64476183827,174.888794868499,0.13188204802163,-2.61992057701124,20.0,3
0.4188053169131474,131.07694097718542,81.22018584987131,-0.4782990873320628,-0.4821141895173176,18.0,3
0.559350689706897,292.60964647278576,14.284192315837856,-0.1165130241205212,-0.4843860799120528,14.5,11
1.6313904261717878,290.2548423622984,103.7451576377016,-6.568609573828212,-6.968609573828212,19.166666666666668,1
0.332707934516226,336.811431351811,52.94810344462212,-0.380142095821915,0.0302298644052189,16.5,12
0.6,116.0,25.643783098504,0.2119639071120239,0.0923318020890689,17.16638888888889,11
1.50433458841625,4.96655024202289,8.89701644694061,-0.5340526273646602,0.838532412739215,14.666666666666666,4
0.437495000069571,249.454957174618,0.5243049173420218,0.4028624192208552,-0.694959071491799,15.833333333333334,9
4.742960473379016,195.171373666043,2.337514935250198,-0.3196315779738103,0.9215172503492912,18.666666666666668,1
0.258071215576612,175.024966338457,173.52126569452034,0.04268135025502,-0.0753894511553779,19.33333333333333,18
3.0,222.0,28.160980488015294,1.5286739755722902,1.4955317445720144,12.766388888888889,15
2.771429499386647,242.6262401324765,39.51554698567915,-0.8929154469513474,0.3952190901506665,15.666666666666666,1
2.397225331807261,138.5889071215006,6.376449288993001,0.4345983218448601,-0.3016992099048874,15.333333333333334,1
7.57369602242867,15.4480217981244,13.991940893039702,0.2338105491549598,0.1924774640700599,17.666944444444447,1
0.7999999999999999,350.0,26.01356502215748,-0.5267262753747676,0.5133326070870717,18.45,21
1.2842482895339211,331.54806356732144,0.0,-1.0174186751210788,0.0,19.666666666666668,8
0.1999999999999999,301.0,109.1555952708484,-3.329467007742702,-1.4615787911058704,14.783333333333331,6
5.2,301.0,134.779391257318,0.9274964637755998,-0.9010820402780296,19.78305555555556,4
3.529467007742702,188.53263614561703,112.46736385438297,1.7359572440758289,3.329467007742702,14.833333333333334,6
9.2,74.0,155.0,3.1030097699843484,-0.8000000000000007,12.783333333333331,1
1.8770935174175,125.97206007541,18.804605859048,-0.0695084451061198,0.29706951004386,16.5,3
2.78430408710377,20.0023716093311,168.0023716093311,-2.3443332362388096,2.58430408710377,19.33333333333333,3
0.8619292711665957,141.99857084639837,89.03809081899692,-0.3807601605069667,-0.2813795879368116,13.5,4
1.2483285075196189,170.6465545930107,57.1383184155408,-1.466000506724414,-2.766083497444055,13.833333333333334,1
6.258028443528651,100.9493471007326,35.21377252015664,-1.2375913025516132,0.2181781602577279,14.333333333333334,1
8.2,296.0,22.61036821682768,-0.4000000000000003,-0.2509286547843725,20.3,1
4.0,305.0,2.4587604608090032,0.0,1.78715802243318,13.616666666666667,3
6.37681195654477,84.4294740388671,6.383750261773997,-2.423188043455231,3.76489822714249,15.33361111111111,1
0.8393495593505252,293.9332469356676,19.980272092833616,-0.457245189639076,0.2547683573150906,19.0,6
0.432523090422816,173.478772370696,0.0,-0.379362046959505,0.0,16.5,13
8.31254564012299,278.040603988351,0.70945517271997,-0.5032340250860603,0.7906659067415092,17.833333333333332,1
1.8843621857582693,287.3047611089491,72.6952388910509,-2.844634079138934,1.4843621857582694,19.166666666666668,15
2.9555430618678464,16.207004668494847,12.639886966021775,-0.0388041249433115,0.0678161840171802,17.0,1
2.371154216466492,40.09443668132667,64.90556331867333,1.4143739815918184,1.971154216466492,19.5,10
8.46341501937267,252.555253655959,4.68582617773302,-0.0355520274096292,0.1898022277214295,13.833333333333334,1
11.3235209433751,353.487133467234,5.459901738062001,1.9235209433750988,2.371248609630559,19.166666666666668,2
4.541758591599247,107.12108837097804,10.32393921734696,0.3112402908116873,0.1243163874181378,15.833333333333334,1
7.061906532585784,144.10047738655425,4.085363590557847,1.2162784893292755,-0.9482710340061632,12.166666666666666,1
0.4433858275521534,138.01814540360368,27.82206416508774,0.0162909212465864,0.1706171366095794,17.833333333333332,21
1.745299820351,229.078992417733,11.850763461067004,0.2959337165762599,-0.2441607144216999,13.166666666666666,3
0.9709650572823963,246.4022442279144,0.1077877758037857,0.0807124923675297,-0.0372660487576798,18.5,4
0.528589035265387,40.9780020454663,7.3749472838212995,0.528589035265387,-0.0868619086816829,17.5,4
1.49743160448133,300.798867558878,2.5721319016269604,0.3798628421737999,-0.15618343408099,15.166666666666666,4
0.7948922248215531,338.7851492647242,33.18088086967248,0.0,-0.2124085036101692,15.5,7
2.16201852581111,238.326097762054,6.909683403825994,-0.6119872925675001,0.53672683594322,19.166666666666668,1
1.12734855876599,217.138451557948,11.111895556711003,0.7061406917442579,-2.05364882900323,15.5,3
4.4332541426254,181.935086086492,8.632395311078,0.0332541426253998,1.3433340028684704,18.33333333333333,1
8.987263582914794,110.76973564691195,0.2302643530880459,1.167190062321347,-0.0127364170852057,14.333333333333334,2
10.64537863096,338.357363704249,5.320937231255982,0.6453786309599998,-0.1301225120694997,21.666666666666664,1
0.4884041065704435,260.4677710791645,0.0,0.1299085686557858,0.0,17.5,8
0.705655710855446,177.87586718154853,33.87586718154853,0.4405102235732072,-0.294344289144554,17.333333333333332,15
0.4884041065704435,260.4677710791645,6.919876260099102,0.0,-0.1283719150493171,17.5,8
2.18683926750807,308.362376004942,0.0,0.6508330702741298,0.0,17.333333333333332,4
1.34810929833176,162.756028591676,106.756028591676,0.2479833240418498,0.94810929833176,18.5,4
1.5842895243838693,172.8845899381588,28.653906794878598,-0.1963865617786524,-1.293966944398539,17.166666666666668,2
4.63926538824508,119.920151113494,0.3697100234890058,2.0509221629550995,-2.3942760294660506,16.0,2
0.0,353.0,4.0,-1.99828701954572,-7.0,12.75,2
4.668915902364147,313.7285381676362,1.999302642798796,0.0,1.124042595291808,16.666666666666668,5
2.651780228865196,4.3673654401112,5.355371719524726,2.2223746893963066,-3.337384284617364,18.0,3
0.4270949063055669,145.9160560766108,0.0,0.2404067123150674,0.0,18.0,21
0.2866673929129282,323.9864349778425,170.8308972101808,-0.5133326070870717,0.0999791989224287,18.33333333333333,21
8.4,21.0,21.0,2.060199312894341,8.4,12.699722222222222,1
0.9389720231003946,9.696823305830094,1.1076783781327322,0.3947206956933733,0.1685886750221679,17.333333333333332,12
1.56757120670927,168.667729318925,14.247587026783975,0.615955556626541,-0.1998161938345399,18.0,5
1.14260278089242,65.7101268483656,112.7871102461776,-1.95739721910758,-0.0521091135708,16.166666666666668,4
0.8891250717472874,335.1200682172722,154.82996667204765,-0.7663851775158372,0.0624143707479381,16.666666666666668,6
1.5600246574536336,138.45069724458187,0.0,-3.4399753425463664,0.0,18.33333333333333,4
2.8,290.0,139.0202672260507,1.2199759926263598,1.3685947925398398,16.2,4
2.93588491297537,200.466141712749,0.5739773780699977,1.02760756107848,-0.87334323214571,13.666666666666666,1
1.7514857685330052,2.3116197435204526,41.43849380704541,-1.350598644455656,0.4702274230908363,14.5,3
0.938167267772818,278.405737879632,18.55322960425599,-0.384923994052302,0.482142920972722,14.833333333333334,6
0.383348983462069,57.6740539569021,125.3259460430979,-0.1239704661277809,0.183348983462069,15.666666666666666,7
0.1199575683093015,158.65951434473004,78.56090870180401,-0.2794385758829745,-0.155569027298525,16.833333333333332,8
0.3986044228136724,218.7081758109451,141.2918241890549,-0.0013955771863274,-0.0013955771863274,19.166666666666668,9
0.409290595975018,337.99614331767,9.70865099343996,0.409290595975018,-0.7074641289835522,12.5,5
2.04311729621397,1.84831578004849,1.2539525421790878,1.9696709682072564,-2.86337050761001,15.833333333333334,4
9.272650404322782,287.93014963661665,7.0698503633833525,-0.1745794664481508,-0.1273495956772183,21.0,1
3.372754984127206,141.3468332513143,5.346833251314308,2.5460442831278565,-1.627245015872794,16.333333333333332,9
0.9604646475988992,277.49776002313564,19.098717335398877,0.0,0.653024071545706,14.166666666666666,13
1.6712063328043438,88.11972260355424,3.413703015198564,0.3037499473298848,0.1273124140738302,12.833333333333334,5
1.970479307807672,299.3670382765918,5.847431126575145,1.6439493064870423,-2.683847004029283,17.166666666666668,4
1.8822581824856075,109.90032032974926,1.8813755677690551,0.3239954685585859,-0.0501051997467896,19.0,1
2.24003119158988,122.739187567671,1.9064790091519936,1.2152079692261502,-1.45013236329434,14.0,4
0.3951994578677891,41.90547042793685,41.95433205243933,-0.2987393420713934,-0.296258890544904,18.666666666666668,6
2.759257074703271,198.0314431378946,90.96361735425114,-3.0221038825383824,1.4914038926784678,17.5,2
2.12573740158694,98.5695399702108,22.5325530511722,0.4725797196256902,-0.68921017065469,17.333333333333332,1
0.226919215427964,280.542333971392,166.4881709413948,-0.489723162562717,-0.474875334097298,16.666666666666668,6
1.41008655947983,281.333004161002,103.799234648268,-0.4320610948586001,0.806502199443893,15.666666666666666,3
1.97734179127461,20.3518030351761,1.0964689900606004,-0.1464610798408598,0.2165645309058801,20.166666666666664,1
1.82985453870513,296.676066473629,25.850813386673963,-0.0009558525653101,-0.4572564214543599,14.0,1
4.52014005801836,326.869733313032,16.833888795545022,-1.95046283662224,1.5749233876789304,18.0,1
8.030889573297607,58.63849333435599,11.014670450651684,-1.3832878298621996,1.933899343281956,13.0,1
6.261826381424904,17.905979296413477,10.094020703586525,1.826030037125831,-1.5381736185750956,14.333333333333334,2
1.5101211500509744,55.51641059604236,14.72854082407099,0.7218791460478408,-0.2541668921909255,15.0,10
1.3145069637403808,134.25709270190566,3.869265504739019,0.4985673261130806,-0.5587632332458297,15.833333333333334,4
5.062592051352826,193.16864326078155,2.0027304052614454,0.2799940205595508,0.3196315779738103,18.83333333333333,1
4.12378311209148,187.207147828182,8.401823062218995,1.0402120850227297,-1.0311560201072405,15.666666666666666,1
0.3999999999999999,0.0,141.2918241890549,0.3999999999999999,0.0013955771863274,19.19972222222222,9
3.74598778351861,346.241056202662,4.043118189386973,1.4270804815244298,-1.6706406837501595,16.833333333333332,1
8.64294040300596,111.00296624752131,1.972881217955447,0.1821946593506034,-0.1277695664181646,13.166666666666666,1
1.55143371045938,46.2642797721314,17.171160134223303,0.4047259037653401,-0.4871334372105598,17.5,3
0.0,0.0,40.0,-7.8,-7.6,19.35472222222222,2
3.22010330940356,274.496104472388,3.9615890259340176,-2.0193032855993898,1.5839179213529,17.333333333333332,1
8.238998328980871,103.1830883892685,16.764571949194988,0.6310248775683132,0.5181948843563617,11.833333333333332,1
3.424100547391133,147.55580255699562,71.9379643169801,-1.3758994526088668,2.895832450756138,17.333333333333332,5
0.323791905179029,314.418942213422,93.57335255363448,-0.4654633904194289,-0.186151626644251,17.0,9
1.5291243686100198,310.4109073879823,18.76137861363549,0.3214524487003454,-0.0905139848959797,18.166666666666668,5
3.18099738776922,206.026556001237,28.973443998763003,2.05364882900323,-4.21900261223078,15.333333333333334,4
1.40478516789517,140.31546350755,26.87470890482902,-0.02648509083168,-0.7440772737902501,14.0,2
2.3762104092359806,282.14178711815566,169.14178711815566,-0.3952190901506665,2.176210409235981,15.5,1
12.304897932596,342.0837821751372,0.0,2.2549994654885364,0.0,13.833333333333334,2
0.130692217394116,334.239695444946,43.10010341713343,-0.022508705283105,-0.03447355303285,14.833333333333334,16
8.110311164367202,294.1674959864835,0.0,-0.8816290888923408,0.0,18.33333333333333,2
1.75642630759702,0.96966301529136,0.4157996393533399,0.7237498677121699,-0.4087539339131802,15.333333333333334,6
0.33346066673199,1.50370064393667,147.49629935606333,0.0753894511553779,-0.06653933326801,19.166666666666668,18
1.2600363345492709,189.6997559829398,6.3002440170602085,1.2199400189890126,0.2600363345492709,16.833333333333332,9
8.48447129519106,221.424576704365,2.2781530494129925,0.1096466477713509,-0.0174802063193695,12.5,1
0.716642377990681,275.593811597212,4.948522374180016,-0.0624396424216839,0.489723162562717,16.833333333333332,10
10.290981905160072,299.5632309201915,0.2719020842652639,-0.1196985779715174,0.3431600109078374,19.83333333333333,1
1.659176040289745,152.53323815609588,8.960535783634441,-0.833280823485002,1.1791072952308197,14.666666666666666,4
1.8732701969862104,130.38782719716664,3.5071464054343693,0.5587632332458297,-0.6247216849734853,15.666666666666666,2
0.86161445785046,181.573276518274,155.03380842784097,-0.5846692818065501,0.8440360550452528,15.833333333333334,6
0.427283667338683,323.987835255427,21.07330630164398,0.427283667338683,-0.0469185990009369,14.5,7
4.2,21.0,41.28695485389011,2.9120247518440228,3.569021218006907,15.783333333333331,8
1.1514466087514366,101.73429093062612,0.982044793288992,0.9514466087514366,-0.3954741436539994,17.833333333333332,6
2.32184464170035,283.242098136308,16.32681413780199,-1.1604798981395996,1.3175103400253505,18.83333333333333,2
0.2230248486908006,86.65389567022902,3.411925465922934,-0.0407963607737097,0.0566874671497603,16.833333333333332,13
0.153200922677221,299.046274043573,35.19342140137297,-0.031064301414419,0.022508705283105,15.0,16
8.819446930557804,113.42030312348749,1.046567666071084,0.0487369611336792,0.0357299300760924,12.833333333333334,1
9.146759650645311,218.3574396496613,9.642560350338698,0.5467596506453116,0.7467596506453109,19.666666666666668,1
1.0819615985884796,321.65603378276506,3.3831909674312897,0.6018928535295542,-1.8944842410147933,14.333333333333334,3
8.4,4.0,20.49856460669253,0.5446346934140331,4.005572466748542,19.74972222222222,1
4.1,183.0,2.593067233874791,-1.4439309959725044,0.2171433099041437,16.01638888888889,2
9.414231116973966,303.72791535674594,0.8578617977905765,0.0914690522877101,-0.0435184289437184,20.0,2
4.48601499353723,112.965219602943,18.9972615381014,1.5180187780959202,-1.18968078650418,15.0,1
0.677893526515927,57.3377999170274,177.8739696311696,0.277893526515927,0.432427866486581,15.166666666666666,10
3.2415899160079,181.38858032254,0.0,0.4222987146261698,0.0,13.5,2
7.8,28.0,2.6816250208843826,1.5381736185750956,2.4026212312135424,14.25,3
3.48232453983995,293.63886659088,10.396768454571998,-1.0821517656395503,1.1604798981395996,19.0,4
2.3783761250570805,308.7411224052125,37.81643623912117,-0.7591691339323363,-0.6958366516757919,13.333333333333334,1
2.16088788694777,199.007246013758,38.913283849945,-1.511379867874,1.01454997536914,16.166666666666668,2
0.507668197910931,141.643783098504,15.41012162703501,-0.0923318020890689,-0.324525733264385,17.0,12
7.0,167.0,167.0,1.2258152585716502,7.0,12.699722222222222,1
2.03838721578091,2.88533972957629,2.0812105124466003,-0.2206700698222796,0.5340526273646602,14.833333333333334,4
0.609072763616181,61.5771458654245,1.1274797913025978,-0.078952482029335,0.101753314026331,16.0,9
3.819944990360845,126.70668175142772,1.5466833871131058,-0.741233560922979,1.2166283784388523,16.166666666666668,1
0.0,80.0,39.0219979545337,0.0,-0.528589035265387,17.55,4
0.2601542166917623,282.0795022374058,2.920497762594209,-1.8254103685344147,0.0601542166917624,17.833333333333332,12
2.722453766924831,9.07297965475948,9.28044506646813,2.322453766924831,-1.8052236596250264,14.833333333333334,8
0.4229904950594224,199.8448578721345,166.7125072605231,0.2229904950594224,-0.1212608323475989,17.666666666666668,11
0.0175784028052072,336.607084946115,129.39291505388502,-0.8440360550452528,-0.3824215971947928,15.666666666666666,4
2.515245214109156,271.0263186230156,8.293786025252302,-0.9963512875025732,0.8797231954538947,19.0,1
7.4,229.0,131.0,1.6788465118771017,7.4,11.71638888888889,1
0.137055823087426,335.176417381546,112.46154677322907,-0.4629441769125739,-0.351433738513897,18.5,5
9.381214489885572,300.1323486788459,0.3507351097867968,-0.5666074043666622,0.7899999727146021,19.5,1
8.799999999999999,106.0,0.3043951320949531,0.1237313159990964,0.0347717900871558,12.399722222222222,1
3.31022528837745,356.362316976423,10.362316976423015,2.567927931997037,-1.8897747116225505,17.333333333333332,2
0.8592929658172507,246.7010144886517,0.5438323327248042,0.0,0.136496480768489,17.833333333333332,9
4.699999999999999,26.0,1.874180702373508,1.4717597130178155,1.2753051824043071,18.91638888888889,4
4.371111140396134,66.06033922047692,10.315941670641005,2.081716968532902,-3.1443861485473974,17.666666666666668,1
0.8828529043957299,143.27460379566332,16.82815839263634,0.2909426805166002,-0.4460811951904732,18.33333333333333,4
0.7182158722404726,169.53213436236967,40.233390037379365,-0.1748143780775806,0.1217248852902682,15.166666666666666,4
0.6838699189772175,268.7212028843932,13.224511005608178,0.2141120890955974,-1.3065234501724574,18.166666666666668,5
8.56295912133077,80.1676216825905,2.832378317409507,0.4040299320773712,-0.2370408786692301,15.50027777777778,1
7.114304481842012,176.77651211085322,0.0,1.3189109257301004,0.0,15.833333333333334,2
2.30381766458192,202.4194154376204,63.10225772174678,-1.517625558447805,1.8744121251130308,18.33333333333333,3
0.0,0.0,156.0,-7.4,-0.1999999999999999,18.00472222222222,1
0.882900265378379,93.563418001848,3.503968829233713,-0.077059939213672,0.285241566052454,17.833333333333332,6
1.546920752405436,100.75224613733712,5.572040658879018,0.3954741436539994,0.3656494834671071,17.666666666666668,4
0.2444823385938053,37.99049560914705,63.1012783174992,-0.3555176614061947,-0.7214653284748423,19.5,7
0.6280478995492459,219.44382922387365,54.92736076723224,-0.406583381156936,-0.0468542558717419,16.333333333333332,7
3.60897716614939,77.399957260119,3.7991867628010993,1.1989092770533205,-1.5455548820517095,12.333333333333334,1
1.932363382232397,111.78169589751832,2.14277719251794,0.0501051997467896,0.2242923829055643,18.83333333333333,2
0.785464813576131,317.416623916278,8.385659849447961,0.5854648135761309,-1.220167359094909,19.166666666666668,4
3.55471810679935,137.867968129921,14.467375580685996,0.7397705345577199,-0.8068958971394702,17.0,1
0.873368415343493,280.971000303767,89.40290123374402,-1.339473562223327,0.355220396224434,13.333333333333334,7
1.58440018961281,271.477086484607,2.069381593280013,-0.13369583907191,0.2613089277876899,15.166666666666666,2
1.18407733172316,66.0490886064316,41.5588817100264,-0.8991731407693397,0.5945921145080191,14.0,5
3.35304082272677,356.583311359589,1.5559979576029832,-1.1578040381761006,1.5250212532280998,19.166666666666668,3
6.449355813940358,163.92087376868903,2.553425636940915,-1.4646207854234436,1.4491180265734611,14.666944444444445,1
0.7661291431152304,247.13721189546527,0.4834503582301011,0.167434294875243,-0.1241234217996362,18.83333333333333,10
3.18309734375384,333.933795019572,24.50781844398404,-2.4169026562461595,1.2134253624481102,16.5,2
8.798963740413248,101.40136623988542,1.7961381455927068,-0.2612537561588759,0.5378516091021801,11.833333333333332,1
2.96799621544131,121.504575614444,8.539356011500999,2.081664993256209,-1.5180187780959202,15.166666666666666,1
0.1589059981411119,21.952361155955828,134.6827401085785,-0.241094001858888,-0.2302055868281802,19.0,12
3.574286282818596,324.6989849706157,0.4281104451466149,0.1097870722962395,0.211198821501501,16.5,1
2.854231155162113,175.04526646397346,24.298695827706013,-0.4922846979211779,0.457402796047615,14.666666666666666,1
3.228240286982184,49.44399689695382,23.44399689695382,0.5451847350380961,-1.4717597130178155,19.00027777777778,1
3.01180498703611,60.77612145005,7.009664939763901,-0.4973892947604001,0.6195582081057798,14.166666666666666,1
3.5043595706344632,326.3536867864559,0.539052997546321,0.4175682255745454,-0.1303505769862285,20.5,1
5.98916451348256,9.722737159635926,1.8793701668113252,3.337384284617364,-3.95772013923726,17.833333333333332,1
0.0734463280067135,90.0709999845426,88.2226842044941,-1.1489799809134464,-1.9696709682072564,16.0,4
2.8068433901427885,309.35268847581506,82.6682782981685,-1.8938693513575235,-0.4508587577242853,14.0,1
7.6,240.0,2.868855931496796,1.8708255525677293,2.4095389451102376,15.516388888888889,2
1.96425427194414,242.824844722614,10.304247213713012,-0.6738883056807801,0.6115993417168,17.5,5
1.6997636444665,285.08494060364,60.59284765640098,-0.7113879410227701,0.14228925907197,15.0,2
5.14145361317699,190.239146484062,6.911368974775002,0.33674001804241,-0.4739827411361199,15.0,1
2.714329014244033,91.12371817567168,79.52283641733902,-1.9216532462362723,1.466000506724414,14.0,1
2.075320850834304,31.72482467353064,129.20885978793353,-3.322057917952153,1.6597519055299728,14.0,3
0.0954988565675474,72.9480287249205,71.45032681089765,-0.0708385249734929,0.0571784617453672,16.5,12
5.437464892919088,291.3201215039343,1.888795077295356,-2.6728462714481136,4.511033586822441,18.166666666666668,1
0.810464425687786,187.77390432907845,17.773904329078448,-3.3850643564290968,0.810464425687786,13.0,1
0.800185126262479,174.610452770661,165.2280097405712,-0.803223520207741,0.461974806995845,13.5,4
8.017543917184431,348.21814959214714,3.3332749851239214,1.8136716362129863,-2.032354549923033,14.166666666666666,1
1.03267643988485,0.486293184442786,0.483369830848574,0.63267643988485,-0.7237498677121699,15.5,6
1.0,236.0,0.0,-0.0633009134108526,0.0,15.85,5
3.57265321763,359.992734933244,0.355990132520958,1.78228359461572,-2.1087481485704096,13.0,2
0.3923958475021566,346.80316088395574,3.0865597088051686,0.0,-0.1128790774018,17.666666666666668,8
1.0168408813532095,79.34146691503503,116.65853308496496,0.7094003053000163,0.8168408813532095,13.833333333333334,11
7.9121585235638,189.707972493022,1.287918541523993,0.6558807397266504,-0.274165811945199,18.166666666666668,1
5.867855138709386,239.4419441140164,138.28842216842375,0.0,-1.1192903032594872,18.5,4
2.98380413728182,5.38880902138851,136.04288663488848,-2.2161958627181804,1.4051190948026695,17.166666666666668,2
0.0,353.0,15.003856682330024,-0.760936498469419,-0.409290595975018,12.6,5
8.6,277.0,0.2405081882699846,8.6,0.0028229881370496,18.649722222222223,1
2.00563217267104,325.802283765726,3.4220734944740343,1.220167359094909,-0.1448234647869002,19.0,3
0.9468413042188368,340.4998913388005,12.37158724861166,-0.7147374868870335,-1.124252149307475,14.5,6
0.31668173345827,145.5889115679097,50.07802937824732,-1.0296688741406763,-0.7144901486832499,18.50027777777778,3
1.47453244198477,17.6587615234491,2.777886633320401,-0.2862448183839599,0.3547423694988201,19.83333333333333,2
0.411905789616714,355.02608428303,21.61288433207801,-0.098633817238121,0.0922538623345609,13.0,5
8.765228209912843,105.69560486790505,3.035193498960453,-0.0347717900871558,-0.2777027890265202,12.333333333333334,1
0.8095771417427322,81.9630763777842,25.640713054142907,0.2130861547925279,-0.5730410475376411,14.833333333333334,5
2.9201289084256854,30.101921951377108,5.360302639964857,0.2313258296079294,-0.0742182783854725,17.333333333333332,1
0.4,106.0,105.5137068155572,0.3824215971947928,-0.63267643988485,15.633333333333333,5
9.8,203.0,3.765252648708156,9.8,-0.2572314083408233,20.35,2
0.9239545387566174,229.79635377794293,8.747568317262477,0.2022182337379574,-0.2126122301043654,16.166666666666668,4
1.93421622443345,331.442156840877,15.207750553148005,0.7096482525896,-0.70956309011484,15.666666666666666,2
1.98188533221308,157.999149809496,31.518908532564,-1.1080348075438498,0.7424438433863401,18.0,2
