,index_x,kmsqId,Operation,VMS_pointCount_PredictedOp,VMSOpTime(min)_PredictedOp,geom,index_y,VMS_pointCount_ObservedOp,VMSOpTime(min)_ObservedOp
0,0.0,45658,AN,4.0,33.64515819750719,"POLYGON ((0.7934015271758987 40.87708911592213, 0.8403967516436607 40.88146727150747, 0.8456494312385529 40.845583407094196, 0.7986804549035957 40.84120815465839, 0.7934015271758987 40.87708911592213))",0.0,4.0,33.64515819750719
1,1.0,45926,AN,4.0,33.64515819750719,"POLYGON ((0.8403967516436607 40.88146727150747, 0.8873977394125299 40.88582312719876, 0.8926241570152434 40.8499363738847, 0.8456494312385529 40.845583407094196, 0.8403967516436607 40.88146727150747))",1.0,4.0,33.64515819750719
2,2.0,46194,AN,1.0,8.411289549376798,"POLYGON ((0.8873977394125299 40.88582312719876, 0.9344044627644286 40.890156678635776, 0.9396046045797022 40.85426705068069, 0.8926241570152434 40.8499363738847, 0.8873977394125299 40.88582312719876))",2.0,1.0,8.411289549376798
3,3.0,46195,AN,3.0,25.233868648130397,"POLYGON ((0.8926241570152434 40.8499363738847, 0.9396046045797022 40.85426705068069, 0.9447966199513741 40.81837569595304, 0.8978424083318094 40.81404788916449, 0.8926241570152434 40.8499363738847))",3.0,3.0,25.233868648130397
4,4.0,46460,AN,3.0,25.233868648130397,"POLYGON ((0.9239797307276311 40.96193076499631, 0.9710448609189671 40.966247742454456, 0.9762349379160156 40.93035869034611, 0.9291961772494524 40.92604458251123, 0.9239797307276311 40.96193076499631))",4.0,6.0,50.46773729626079
5,5.0,46460,C,9.0,75.70160594439119,"POLYGON ((0.9239797307276311 40.96193076499631, 0.9710448609189671 40.966247742454456, 0.9762349379160156 40.93035869034611, 0.9291961772494524 40.92604458251123, 0.9239797307276311 40.96193076499631))",5.0,6.0,50.46773729626079
6,6.0,46463,AN,5.0,42.05644774688399,"POLYGON ((0.9396046045797022 40.85426705068069, 0.9865907462465712 40.858575433153426, 0.9917565119819074 40.82268122266706, 0.9447966199513741 40.81837569595304, 0.9396046045797022 40.85426705068069))",6.0,5.0,42.05644774688399
7,7.0,46464,AN,1.0,8.411289549376798,"POLYGON ((0.9447966199513741 40.81837569595304, 0.9917565119819074 40.82268122266706, 0.9969142082806859 40.786785287313315, 0.9499805260847123 40.782482611756286, 0.9447966199513741 40.81837569595304))",7.0,1.0,8.411289549376798
8,8.0,46728,AN,5.0,42.05644774688399,"POLYGON ((0.9710448609189671 40.966247742454456, 1.018115698615024 40.97054237837006, 1.0232793923413253 40.934650470964286, 0.9762349379160156 40.93035869034611, 0.9710448609189671 40.966247742454456))",8.0,5.0,42.05644774688399
9,9.0,46731,AN,3.0,25.233868648130397,"POLYGON ((0.9865907462465712 40.858575433153426, 1.03358255429922 40.86286151699471, 1.038722056770943 40.8269644650092, 0.9917565119819074 40.82268122266706, 0.9865907462465712 40.858575433153426))",9.0,3.0,25.233868648130397
10,10.0,46732,AN,2.0,16.822579098753597,"POLYGON ((0.9917565119819074 40.82268122266706, 1.038722056770943 40.8269644650092, 1.0438535296471612 40.79106569273603, 0.9969142082806859 40.786785287313315, 0.9917565119819074 40.82268122266706))",10.0,2.0,16.822579098753597
11,11.0,46996,AN,4.0,33.64515819750719,"POLYGON ((1.018115698615024 40.97054237837006, 1.0651922158741756 40.97481466842292, 1.0703295126485497 40.938919920056414, 1.0232793923413253 40.934650470964286, 1.018115698615024 40.97054237837006))",11.0,4.0,33.64515819750719
12,12.0,46999,AN,1.0,8.411289549376798,"POLYGON ((1.03358255429922 40.86286151699471, 1.0805800009898918 40.86712529791701, 1.0856932266349968 40.83122541870269, 1.038722056770943 40.8269644650092, 1.03358255429922 40.86286151699471))",12.0,1.0,8.411289549376798
13,13.0,47000,AN,3.0,25.233868648130397,"POLYGON ((1.038722056770943 40.8269644650092, 1.0856932266349968 40.83122541870269, 1.0907984625647533 40.79532382375843, 1.0438535296471612 40.79106569273603, 1.038722056770943 40.8269644650092))",13.0,3.0,25.233868648130397
14,14.0,47001,AN,5.0,42.05644774688399,"POLYGON ((1.0438535296471612 40.79106569273603, 1.0907984625647533 40.79532382375843, 1.0958957256928865 40.75942051035463, 1.0489769899220314 40.755165197455334, 1.0438535296471612 40.79106569273603))",14.0,5.0,42.05644774688399
15,15.0,47265,AN,1.0,8.411289549376798,"POLYGON ((1.0703295126485497 40.938919920056414, 1.1173852709296401 40.94316703333387, 1.122488156540768 40.90726775535668, 1.0754587686657047 40.903023464127415, 1.0703295126485497 40.938919920056414))",15.0,1.0,8.411289549376798
16,16.0,47268,AN,2.0,16.822579098753597,"POLYGON ((1.0856932266349968 40.83122541870269, 1.1326699938597091 40.835464079491274, 1.137748979383313 40.79955967613503, 1.0907984625647533 40.79532382375843, 1.0856932266349968 40.83122541870269))",16.0,2.0,16.822579098753597
17,17.0,47269,AN,2.0,16.822579098753597,"POLYGON ((1.0907984625647533 40.79532382375843, 1.137748979383313 40.79955967613503, 1.142820031943807 40.76365355884518, 1.0958957256928865 40.75942051035463, 1.0907984625647533 40.79532382375843))",17.0,2.0,16.822579098753597
18,18.0,47270,AN,4.0,33.64515819750719,"POLYGON ((1.0958957256928865 40.75942051035463, 1.142820031943807 40.76365355884518, 1.1478831683247712 40.7277457248789, 1.1009850328833286 40.72351547575812, 1.0958957256928865 40.75942051035463))",18.0,4.0,33.64515819750719
19,19.0,47533,AN,2.0,16.822579098753597,"POLYGON ((1.1173852709296401 40.94316703333387, 1.1644466392454795 40.94739180652874, 1.169523140938522 40.91148972083953, 1.122488156540768 40.90726775535668, 1.1173852709296401 40.94316703333387))",19.0,2.0,16.822579098753597
20,20.0,47537,AN,3.0,25.233868648130397,"POLYGON ((1.137748979383313 40.79955967613503, 1.1847050524220535 40.80377324564085, 1.189749881058156 40.767864338712684, 1.142820031943807 40.76365355884518, 1.137748979383313 40.79955967613503))",20.0,3.0,25.233868648130397
21,21.0,47538,AN,6.0,50.46773729626079,"POLYGON ((1.142820031943807 40.76365355884518, 1.189749881058156 40.767864338712684, 1.1947868333113587 40.73195371960233, 1.1478831683247712 40.7277457248789, 1.142820031943807 40.76365355884518))",21.0,7.0,58.87902684563759
22,22.0,47538,C,1.0,8.411289549376798,"POLYGON ((1.142820031943807 40.76365355884518, 1.189749881058156 40.767864338712684, 1.1947868333113587 40.73195371960233, 1.1478831683247712 40.7277457248789, 1.142820031943807 40.76365355884518))",0.0,0.0,0.0
23,23.0,47539,AN,1.0,8.411289549376798,"POLYGON ((1.1478831683247712 40.7277457248789, 1.1947868333113587 40.73195371960233, 1.1998159258355516 40.696041385553805, 1.1529384052603584 40.69183617148979, 1.1478831683247712 40.7277457248789))",22.0,3.0,25.233868648130397
24,24.0,47539,C,12.0,100.93547459252159,"POLYGON ((1.1478831683247712 40.7277457248789, 1.1947868333113587 40.73195371960233, 1.1998159258355516 40.696041385553805, 1.1529384052603584 40.69183617148979, 1.1478831683247712 40.7277457248789))",23.0,10.0,84.11289549376798
25,25.0,47801,AN,2.0,16.822579098753597,"POLYGON ((1.1644466392454795 40.94739180652874, 1.2115135896260267 40.95159423539389, 1.216563693953882 40.91568935633958, 1.169523140938522 40.91148972083953, 1.1644466392454795 40.94739180652874))",24.0,2.0,16.822579098753597
26,26.0,47805,AN,2.0,16.822579098753597,"POLYGON ((1.1847050524220535 40.80377324564085, 1.231666653969705 40.80796452807147, 1.2366852453889126 40.772052845763305, 1.189749881058156 40.767864338712684, 1.1847050524220535 40.80377324564085))",25.0,2.0,16.822579098753597
27,27.0,47806,AN,2.0,16.822579098753597,"POLYGON ((1.189749881058156 40.767864338712684, 1.2366852453889126 40.772052845763305, 1.2416960002601494 40.73613945574516, 1.1947868333113587 40.73195371960233, 1.189749881058156 40.767864338712684))",26.0,2.0,16.822579098753597
28,0.0,47807,AN,0.0,0.0,"POLYGON ((1.1947868333113587 40.73195371960233, 1.2416960002601494 40.73613945574516, 1.2466989351569084 40.70022435525155, 1.1998159258355516 40.696041385553805, 1.1947868333113587 40.73195371960233))",27.0,2.0,16.822579098753597
29,28.0,47807,C,13.0,109.34676414189838,"POLYGON ((1.1947868333113587 40.73195371960233, 1.2416960002601494 40.73613945574516, 1.2466989351569084 40.70022435525155, 1.1998159258355516 40.696041385553805, 1.1947868333113587 40.73195371960233))",28.0,11.0,92.52418504314478
30,29.0,48065,AN,3.0,25.233868648130397,"POLYGON ((1.191233801831507 41.09519683969643, 1.2384123528767488 41.099388081114355, 1.2434676668815523 41.06348716428516, 1.1963156881925905 41.05929871992569, 1.191233801831507 41.09519683969643))",29.0,6.0,50.46773729626079
31,30.0,48065,C,3.0,25.233868648130397,"POLYGON ((1.191233801831507 41.09519683969643, 1.2384123528767488 41.099388081114355, 1.2434676668815523 41.06348716428516, 1.1963156881925905 41.05929871992569, 1.191233801831507 41.09519683969643))",0.0,0.0,0.0
32,31.0,48066,AN,6.0,50.46773729626079,"POLYGON ((1.1963156881925905 41.05929871992569, 1.2434676668815523 41.06348716428516, 1.2485150504985776 41.02758456627236, 1.2013896036403078 41.023398914444044, 1.1963156881925905 41.05929871992569))",30.0,9.0,75.70160594439119
33,32.0,48066,C,3.0,25.233868648130397,"POLYGON ((1.1963156881925905 41.05929871992569, 1.2434676668815523 41.06348716428516, 1.2485150504985776 41.02758456627236, 1.2013896036403078 41.023398914444044, 1.1963156881925905 41.05929871992569))",0.0,0.0,0.0
34,33.0,48067,AN,6.0,50.46773729626079,"POLYGON ((1.2013896036403078 41.023398914444044, 1.2485150504985776 41.02758456627236, 1.2535545206156047 40.99168028432859, 1.206455565144806 40.98749742051382, 1.2013896036403078 41.023398914444044))",31.0,6.0,50.46773729626079
35,34.0,48068,AN,12.0,100.93547459252159,"POLYGON ((1.206455565144806 40.98749742051382, 1.2535545206156047 40.99168028432859, 1.2585860940704325 40.95577431570297, 1.2115135896260267 40.95159423539389, 1.206455565144806 40.98749742051382))",32.0,17.0,142.99192233940556
36,35.0,48068,C,13.0,109.34676414189838,"POLYGON ((1.206455565144806 40.98749742051382, 1.2535545206156047 40.99168028432859, 1.2585860940704325 40.95577431570297, 1.2115135896260267 40.95159423539389, 1.206455565144806 40.98749742051382))",33.0,8.0,67.29031639501439
37,36.0,48069,AN,2.0,16.822579098753597,"POLYGON ((1.2115135896260267 40.95159423539389, 1.2585860940704325 40.95577431570297, 1.2636097876510706 40.919866657641144, 1.216563693953882 40.91568935633958, 1.2115135896260267 40.95159423539389))",34.0,2.0,16.822579098753597
38,37.0,48069,C,1.0,8.411289549376798,"POLYGON ((1.2115135896260267 40.95159423539389, 1.2585860940704325 40.95577431570297, 1.2636097876510706 40.919866657641144, 1.216563693953882 40.91568935633958, 1.2115135896260267 40.95159423539389))",35.0,1.0,8.411289549376798
39,38.0,48074,AN,3.0,25.233868648130397,"POLYGON ((1.2366852453889126 40.772052845763305, 1.2836260972588105 40.77621907582378, 1.2886106415580727 40.74030292914468, 1.2416960002601494 40.73613945574516, 1.2366852453889126 40.772052845763305))",36.0,3.0,25.233868648130397
40,39.0,48075,AN,7.0,58.87902684563759,"POLYGON ((1.2416960002601494 40.73613945574516, 1.2886106415580727 40.74030292914468, 1.2935874056753638 40.70438507643074, 1.2466989351569084 40.70022435525155, 1.2416960002601494 40.73613945574516))",37.0,24.0,201.87094918504317
41,40.0,48075,C,26.0,218.69352828379675,"POLYGON ((1.2416960002601494 40.73613945574516, 1.2886106415580727 40.74030292914468, 1.2935874056753638 40.70438507643074, 1.2466989351569084 40.70022435525155, 1.2416960002601494 40.73613945574516))",38.0,9.0,75.70160594439119
42,41.0,48333,AN,3.0,25.233868648130397,"POLYGON ((1.2384123528767488 41.099388081114355, 1.2855964836096871 41.10355691207418, 1.2906252117859107 41.067653212644295, 1.2434676668815523 41.06348716428516, 1.2384123528767488 41.099388081114355))",39.0,6.0,50.46773729626079
43,42.0,48333,C,3.0,25.233868648130397,"POLYGON ((1.2384123528767488 41.099388081114355, 1.2855964836096871 41.10355691207418, 1.2906252117859107 41.067653212644295, 1.2434676668815523 41.06348716428516, 1.2384123528767488 41.099388081114355))",0.0,0.0,0.0
44,43.0,48334,AN,2.0,16.822579098753597,"POLYGON ((1.2434676668815523 41.06348716428516, 1.2906252117859107 41.067653212644295, 1.295646050139017 41.031747836535665, 1.2485150504985776 41.02758456627236, 1.2434676668815523 41.06348716428516))",40.0,8.0,67.29031639501439
45,44.0,48334,C,16.0,134.58063279002877,"POLYGON ((1.2434676668815523 41.06348716428516, 1.2906252117859107 41.067653212644295, 1.295646050139017 41.031747836535665, 1.2485150504985776 41.02758456627236, 1.2434676668815523 41.06348716428516))",41.0,10.0,84.11289549376798
46,45.0,48335,AN,2.0,16.822579098753597,"POLYGON ((1.2485150504985776 41.02758456627236, 1.295646050139017 41.031747836535665, 1.3006590154742743 40.99584078099124, 1.2535545206156047 40.99168028432859, 1.2485150504985776 41.02758456627236))",42.0,2.0,16.822579098753597
47,46.0,48336,AN,1.0,8.411289549376798,"POLYGON ((1.2535545206156047 40.99168028432859, 1.3006590154742743 40.99584078099124, 1.3056641245472087 40.95993204325044, 1.2585860940704325 40.95577431570297, 1.2535545206156047 40.99168028432859))",43.0,1.0,8.411289549376798
48,47.0,48337,AN,1.0,8.411289549376798,"POLYGON ((1.2585860940704325 40.95577431570297, 1.3056641245472087 40.95993204325044, 1.3106613940637744 40.92402162054932, 1.2636097876510706 40.919866657641144, 1.2585860940704325 40.95577431570297))",44.0,1.0,8.411289549376798
49,48.0,48338,AN,4.0,33.64515819750719,"POLYGON ((1.2636097876510706 40.919866657641144, 1.3106613940637744 40.92402162054932, 1.3156508406805345 40.88810951012045, 1.2686256180958986 40.88395730738532, 1.2636097876510706 40.919866657641144))",45.0,4.0,33.64515819750719
50,49.0,48339,AN,3.0,25.233868648130397,"POLYGON ((1.2686256180958986 40.88395730738532, 1.3156508406805345 40.88810951012045, 1.3206324810048369 40.85219570919292, 1.2736336020938612 40.8480462621742, 1.2686256180958986 40.88395730738532))",46.0,3.0,25.233868648130397
51,50.0,48340,AN,3.0,25.233868648130397,"POLYGON ((1.2736336020938612 40.8480462621742, 1.3206324810048369 40.85219570919292, 1.325606331595005 40.81628021499248, 1.278633756284636 40.81213351924309, 1.2736336020938612 40.8480462621742))",47.0,3.0,25.233868648130397
52,51.0,48341,AN,3.0,25.233868648130397,"POLYGON ((1.278633756284636 40.81213351924309, 1.325606331595005 40.81628021499248, 1.3305724089604825 40.78036302474145, 1.2836260972588105 40.77621907582378, 1.278633756284636 40.81213351924309))",48.0,3.0,25.233868648130397
53,52.0,48342,AN,6.0,50.46773729626079,"POLYGON ((1.2836260972588105 40.77621907582378, 1.3305724089604825 40.78036302474145, 1.3355307295620504 40.74444413565868, 1.2886106415580727 40.74030292914468, 1.2836260972588105 40.77621907582378))",49.0,6.0,50.46773729626079
54,53.0,48343,AN,6.0,50.46773729626079,"POLYGON ((1.2886106415580727 40.74030292914468, 1.3355307295620504 40.74444413565868, 1.340481309811969 40.70852354495963, 1.2935874056753638 40.70438507643074, 1.2886106415580727 40.74030292914468))",50.0,6.0,50.46773729626079
55,54.0,48343,C,2.0,16.822579098753597,"POLYGON ((1.2886106415580727 40.74030292914468, 1.3355307295620504 40.74444413565868, 1.340481309811969 40.70852354495963, 1.2935874056753638 40.70438507643074, 1.2886106415580727 40.74030292914468))",51.0,2.0,16.822579098753597
56,55.0,48601,AN,3.0,25.233868648130397,"POLYGON ((1.2855964836096871 41.10355691207418, 1.332786165705369 41.10770332834859, 1.3377882946467188 41.07179686078648, 1.2906252117859107 41.067653212644295, 1.2855964836096871 41.10355691207418))",52.0,3.0,25.233868648130397
57,56.0,48602,AN,6.0,50.46773729626079,"POLYGON ((1.2906252117859107 41.067653212644295, 1.3377882946467188 41.07179686078648, 1.342782574368507 41.035888721028, 1.295646050139017 41.031747836535665, 1.2906252117859107 41.067653212644295))",53.0,7.0,58.87902684563759
58,57.0,48602,C,1.0,8.411289549376798,"POLYGON ((1.2906252117859107 41.067653212644295, 1.3377882946467188 41.07179686078648, 1.342782574368507 41.035888721028, 1.295646050139017 41.031747836535665, 1.2906252117859107 41.067653212644295))",0.0,0.0,0.0
59,58.0,48611,AN,1.0,8.411289549376798,"POLYGON ((1.3355307295620504 40.74444413565868, 1.3824562365991448 40.748563071165464, 1.3873806199580112 40.71263975672696, 1.340481309811969 40.70852354495963, 1.3355307295620504 40.74444413565868))",54.0,3.0,25.233868648130397
60,59.0,48611,C,16.0,134.58063279002877,"POLYGON ((1.3355307295620504 40.74444413565868, 1.3824562365991448 40.748563071165464, 1.3873806199580112 40.71263975672696, 1.340481309811969 40.70852354495963, 1.3355307295620504 40.74444413565868))",55.0,14.0,117.75805369127518
61,60.0,48612,AN,7.0,58.87902684563759,"POLYGON ((1.340481309811969 40.70852354495963, 1.3873806199580112 40.71263975672696, 1.392297319116512 40.676714742271365, 1.3454241660741648 40.67260124985641, 1.340481309811969 40.70852354495963))",56.0,10.0,84.11289549376798
62,61.0,48612,C,5.0,42.05644774688399,"POLYGON ((1.340481309811969 40.70852354495963, 1.3873806199580112 40.71263975672696, 1.392297319116512 40.676714742271365, 1.3454241660741648 40.67260124985641, 1.340481309811969 40.70852354495963))",57.0,2.0,16.822579098753597
63,62.0,48868,AN,1.0,8.411289549376798,"POLYGON ((1.3277761707721458 41.14360812647769, 1.374998029175184 41.14773488198307, 1.3799813708080524 41.11182732573136, 1.332786165705369 41.10770332834859, 1.3277761707721458 41.14360812647769))",58.0,1.0,8.411289549376798
64,63.0,48869,AN,2.0,16.822579098753597,"POLYGON ((1.332786165705369 41.10770332834859, 1.3799813708080524 41.11182732573136, 1.3849568871743452 41.07591810451615, 1.3377882946467188 41.07179686078648, 1.332786165705369 41.10770332834859))",59.0,2.0,16.822579098753597
65,64.0,48870,AN,3.0,25.233868648130397,"POLYGON ((1.3377882946467188 41.07179686078648, 1.3849568871743452 41.07591810451615, 1.3899245949633507 41.04000721556445, 1.342782574368507 41.035888721028, 1.3377882946467188 41.07179686078648))",60.0,3.0,25.233868648130397
66,65.0,48870,C,1.0,8.411289549376798,"POLYGON ((1.3377882946467188 41.07179686078648, 1.3849568871743452 41.07591810451615, 1.3899245949633507 41.04000721556445, 1.342782574368507 41.035888721028, 1.3377882946467188 41.07179686078648))",61.0,1.0,8.411289549376798
67,66.0,48871,AN,7.0,58.87902684563759,"POLYGON ((1.342782574368507 41.035888721028, 1.3899245949633507 41.04000721556445, 1.3948845108148897 41.004094656099916, 1.3477690215933504 40.99997890630646, 1.342782574368507 41.035888721028))",62.0,8.0,67.29031639501439
68,67.0,48871,C,1.0,8.411289549376798,"POLYGON ((1.342782574368507 41.035888721028, 1.3899245949633507 41.04000721556445, 1.3948845108148897 41.004094656099916, 1.3477690215933504 40.99997890630646, 1.342782574368507 41.035888721028))",0.0,0.0,0.0
69,68.0,48872,AN,9.0,75.70160594439119,"POLYGON ((1.3477690215933504 40.99997890630646, 1.3948845108148897 41.004094656099916, 1.3998366513195035 40.96818042334282, 1.352747652994356 40.96406741385166, 1.3477690215933504 40.99997890630646))",63.0,9.0,75.70160594439119
70,69.0,48872,C,6.0,50.46773729626079,"POLYGON ((1.3477690215933504 40.99997890630646, 1.3948845108148897 41.004094656099916, 1.3998366513195035 40.96818042334282, 1.352747652994356 40.96406741385166, 1.3477690215933504 40.99997890630646))",64.0,6.0,50.46773729626079
71,70.0,49136,AN,3.0,25.233868648130397,"POLYGON ((1.374998029175184 41.14773488198307, 1.4222253955114315 41.151839199899364, 1.4271820705313167 41.1159289000374, 1.3799813708080524 41.11182732573136, 1.374998029175184 41.14773488198307))",65.0,3.0,25.233868648130397
72,71.0,49136,C,5.0,42.05644774688399,"POLYGON ((1.374998029175184 41.14773488198307, 1.4222253955114315 41.151839199899364, 1.4271820705313167 41.1159289000374, 1.3799813708080524 41.11182732573136, 1.374998029175184 41.14773488198307))",66.0,5.0,42.05644774688399
73,72.0,49137,AN,1.0,8.411289549376798,"POLYGON ((1.3799813708080524 41.11182732573136, 1.4271820705313167 41.1159289000374, 1.4321309610486064 41.080016939658805, 1.3849568871743452 41.07591810451615, 1.3799813708080524 41.11182732573136))",67.0,1.0,8.411289549376798
74,73.0,49138,AN,6.0,50.46773729626079,"POLYGON ((1.3849568871743452 41.07591810451615, 1.4321309610486064 41.080016939658805, 1.437072083669409 41.04410331598106, 1.3899245949633507 41.04000721556445, 1.3849568871743452 41.07591810451615))",68.0,6.0,50.46773729626079
75,74.0,49139,AN,4.0,33.64515819750719,"POLYGON ((1.3899245949633507 41.04000721556445, 1.437072083669409 41.04410331598106, 1.4420054549506172 41.008188026218235, 1.3948845108148897 41.004094656099916, 1.3899245949633507 41.04000721556445))",69.0,4.0,33.64515819750719
76,75.0,49404,AN,3.0,25.233868648130397,"POLYGON ((1.4222253955114315 41.151839199899364, 1.4694582412974322 41.15592107605207, 1.4743882364582324 41.120008047102736, 1.4271820705313167 41.1159289000374, 1.4222253955114315 41.151839199899364))",70.0,4.0,33.64515819750719
77,76.0,49404,C,1.0,8.411289549376798,"POLYGON ((1.4222253955114315 41.151839199899364, 1.4694582412974322 41.15592107605207, 1.4743882364582324 41.120008047102736, 1.4271820705313167 41.1159289000374, 1.4222253955114315 41.151839199899364))",0.0,0.0,0.0
78,77.0,49405,AN,1.0,8.411289549376798,"POLYGON ((1.4271820705313167 41.1159289000374, 1.4743882364582324 41.120008047102736, 1.479310487918898 41.08409336206107, 1.4321309610486064 41.080016939658805, 1.4271820705313167 41.1159289000374))",71.0,1.0,8.411289549376798
79,78.0,49406,AN,5.0,42.05644774688399,"POLYGON ((1.4321309610486064 41.080016939658805, 1.479310487918898 41.08409336206107, 1.4842250122022362 41.04817701813495, 1.437072083669409 41.04410331598106, 1.4321309610486064 41.080016939658805))",72.0,5.0,42.05644774688399
80,79.0,49407,AN,1.0,8.411289549376798,"POLYGON ((1.437072083669409 41.04410331598106, 1.4842250122022362 41.04817701813495, 1.489131825782057 41.01225901252899, 1.4420054549506172 41.008188026218235, 1.437072083669409 41.04410331598106))",73.0,1.0,8.411289549376798
81,80.0,49672,AN,5.0,42.05644774688399,"POLYGON ((1.4694582412974322 41.15592107605207, 1.5166965380192563 41.15998050628782, 1.5215998401414887 41.124064762784585, 1.4743882364582324 41.120008047102736, 1.4694582412974322 41.15592107605207))",74.0,7.0,58.87902684563759
82,81.0,49672,C,2.0,16.822579098753597,"POLYGON ((1.4694582412974322 41.15592107605207, 1.5166965380192563 41.15998050628782, 1.5215998401414887 41.124064762784585, 1.4743882364582324 41.120008047102736, 1.4694582412974322 41.15592107605207))",0.0,0.0,0.0
83,82.0,49674,AN,4.0,33.64515819750719,"POLYGON ((1.479310487918898 41.08409336206107, 1.5264954394043644 41.08814736759061, 1.5313833522472384 41.052228317904344, 1.4842250122022362 41.04817701813495, 1.479310487918898 41.08409336206107))",75.0,4.0,33.64515819750719
84,83.0,49940,AN,9.0,75.70160594439119,"POLYGON ((1.5166965380192563 41.15998050628782, 1.5639402571326226 41.164017486474606, 1.5688168531035507 41.128099042961374, 1.5215998401414887 41.124064762784585, 1.5166965380192563 41.15998050628782))",76.0,8.0,67.29031639501439
85,84.0,49940,C,5.0,42.05644774688399,"POLYGON ((1.5166965380192563 41.15998050628782, 1.5639402571326226 41.164017486474606, 1.5688168531035507 41.128099042961374, 1.5215998401414887 41.124064762784585, 1.5166965380192563 41.15998050628782))",77.0,6.0,50.46773729626079
86,85.0,49941,AN,1.0,8.411289549376798,"POLYGON ((1.5215998401414887 41.124064762784585, 1.5688168531035507 41.128099042961374, 1.573685787094023 41.092178952136344, 1.5264954394043644 41.08814736759061, 1.5215998401414887 41.124064762784585))",78.0,1.0,8.411289549376798
87,86.0,49942,AN,5.0,42.05644774688399,"POLYGON ((1.5264954394043644 41.08814736759061, 1.573685787094023 41.092178952136344, 1.5785470754598023 41.05625721118849, 1.5313833522472384 41.052228317904344, 1.5264954394043644 41.08814736759061))",79.0,5.0,42.05644774688399
88,87.0,50209,AN,1.0,8.411289549376798,"POLYGON ((1.5688168531035507 41.128099042961374, 1.6160392468367981 41.13211088353278, 1.6208815025469188 41.096188111608335, 1.573685787094023 41.092178952136344, 1.5688168531035507 41.128099042961374))",80.0,1.0,8.411289549376798
89,88.0,50210,AN,4.0,33.64515819750719,"POLYGON ((1.573685787094023 41.092178952136344, 1.6208815025469188 41.096188111608335, 1.6257161534654554 41.06026369390784, 1.5785470754598023 41.05625721118849, 1.573685787094023 41.092178952136344))",81.0,4.0,33.64515819750719
90,89.0,50476,AN,3.0,25.233868648130397,"POLYGON ((1.611189370063067 41.16803201250164, 1.6584438482060737 41.17202408027948, 1.6632669928036754 41.13610028041972, 1.6160392468367981 41.13211088353278, 1.611189370063067 41.16803201250164))",82.0,3.0,25.233868648130397
91,90.0,50478,AN,4.0,33.64515819750719,"POLYGON ((1.6208815025469188 41.096188111608335, 1.6680825572922604 41.100174841937815, 1.672890557859993 41.06424776200398, 1.6257161534654554 41.06026369390784, 1.6208815025469188 41.096188111608335))",83.0,4.0,33.64515819750719
92,91.0,50744,AN,3.0,25.233868648130397,"POLYGON ((1.6584438482060737 41.17202408027948, 1.7057036629272315 41.175993685739996, 1.71050006243683 41.140067229564394, 1.6632669928036754 41.13610028041972, 1.6584438482060737 41.17202408027948))",84.0,4.0,33.64515819750719
93,92.0,50744,C,1.0,8.411289549376798,"POLYGON ((1.6584438482060737 41.17202408027948, 1.7057036629272315 41.175993685739996, 1.71050006243683 41.140067229564394, 1.6632669928036754 41.13610028041972, 1.6584438482060737 41.17202408027948))",0.0,0.0,0.0
94,93.0,50745,AN,6.0,50.46773729626079,"POLYGON ((1.6632669928036754 41.13610028041972, 1.71050006243683 41.140067229564394, 1.7152889228295856 41.10413913907733, 1.6680825572922604 41.100174841937815, 1.6632669928036754 41.13610028041972))",85.0,15.0,126.16934324065197
95,94.0,50745,C,23.0,193.45965963566636,"POLYGON ((1.6632669928036754 41.13610028041972, 1.71050006243683 41.140067229564394, 1.7152889228295856 41.10413913907733, 1.6680825572922604 41.100174841937815, 1.6632669928036754 41.13610028041972))",86.0,14.0,117.75805369127518
96,95.0,50746,AN,2.0,16.822579098753597,"POLYGON ((1.6680825572922604 41.100174841937815, 1.7152889228295856 41.10413913907733, 1.7200702602096463 41.068209411439696, 1.672890557859993 41.06424776200398, 1.6680825572922604 41.100174841937815))",87.0,2.0,16.822579098753597
97,96.0,51012,AN,9.0,75.70160594439119,"POLYGON ((1.7057036629272315 41.175993685739996, 1.7529687855623781 41.17994082483649, 1.7577384271392733 41.14401172693038, 1.71050006243683 41.140067229564394, 1.7057036629272315 41.175993685739996))",88.0,9.0,75.70160594439119
98,97.0,51013,AN,3.0,25.233868648130397,"POLYGON ((1.71050006243683 41.140067229564394, 1.7577384271392733 41.14401172693038, 1.7625005706288799 41.10808099900068, 1.7152889228295856 41.10413913907733, 1.71050006243683 41.140067229564394))",89.0,3.0,25.233868648130397
99,98.0,51280,AN,5.0,42.05644774688399,"POLYGON ((1.7529687855623781 41.17994082483649, 1.8002391874177417 41.183865493543614, 1.8049820582845084 41.14793376850257, 1.7577384271392733 41.14401172693038, 1.7529687855623781 41.17994082483649))",90.0,5.0,42.05644774688399
100,99.0,51281,AN,8.0,67.29031639501439,"POLYGON ((1.7577384271392733 41.14401172693038, 1.8049820582845084 41.14793376850257, 1.8097174721307454 41.11200041770292, 1.7625005706288799 41.10808099900068, 1.7577384271392733 41.14401172693038))",91.0,8.0,67.29031639501439
101,100.0,51282,AN,1.0,8.411289549376798,"POLYGON ((1.7625005706288799 41.10808099900068, 1.8097174721307454 41.11200041770292, 1.8144454448921754 41.076065438287074, 1.7672552320512065 41.07214863819899, 1.7625005706288799 41.10808099900068))",92.0,1.0,8.411289549376798
102,101.0,51548,AN,5.0,42.05644774688399,"POLYGON ((1.8002391874177417 41.183865493543614, 1.8475148397700973 41.1877676878575, 1.8522309272167 41.15183335028722, 1.8049820582845084 41.14793376850257, 1.8002391874177417 41.183865493543614))",93.0,3.0,25.233868648130397
103,0.0,51548,C,0.0,0.0,"POLYGON ((1.8002391874177417 41.183865493543614, 1.8475148397700973 41.1877676878575, 1.8522309272167 41.15183335028722, 1.8049820582845084 41.14793376850257, 1.8002391874177417 41.183865493543614))",94.0,2.0,16.822579098753597
104,102.0,51549,AN,12.0,100.93547459252159,"POLYGON ((1.8049820582845084 41.14793376850257, 1.8522309272167 41.15183335028722, 1.8569395987465425 41.1158973912005, 1.8097174721307454 41.11200041770292, 1.8049820582845084 41.14793376850257))",95.0,29.0,243.92739693192715
105,103.0,51549,C,34.0,285.9838446788111,"POLYGON ((1.8049820582845084 41.14793376850257, 1.8522309272167 41.15183335028722, 1.8569395987465425 41.1158973912005, 1.8097174721307454 41.11200041770292, 1.8049820582845084 41.14793376850257))",96.0,17.0,142.99192233940556
106,104.0,51550,AN,1.0,8.411289549376798,"POLYGON ((1.8097174721307454 41.11200041770292, 1.8569395987465425 41.1158973912005, 1.861640870210929 41.07995980773051, 1.8144454448921754 41.076065438287074, 1.8097174721307454 41.11200041770292))",97.0,1.0,8.411289549376798
107,0.0,51815,AN,0.0,0.0,"POLYGON ((1.8427913205081616 41.223700406774974, 1.8900990318930793 41.22758272485497, 1.8947957138669127 41.19164740379571, 1.8475148397700973 41.1877676878575, 1.8427913205081616 41.223700406774974))",98.0,1.0,8.411289549376798
108,105.0,51815,C,1.0,8.411289549376798,"POLYGON ((1.8427913205081616 41.223700406774974, 1.8900990318930793 41.22758272485497, 1.8947957138669127 41.19164740379571, 1.8475148397700973 41.1877676878575, 1.8427913205081616 41.223700406774974))",0.0,0.0,0.0
109,106.0,51816,AN,7.0,58.87902684563759,"POLYGON ((1.8475148397700973 41.1877676878575, 1.8947957138669127 41.19164740379571, 1.8994850052508003 41.155710468312044, 1.8522309272167 41.15183335028722, 1.8475148397700973 41.1877676878575))",99.0,7.0,58.87902684563759
110,107.0,51817,AN,4.0,33.64515819750719,"POLYGON ((1.8522309272167 41.15183335028722, 1.8994850052508003 41.155710468312044, 1.9041669218585269 41.11977191553115, 1.8569395987465425 41.1158973912005, 1.8522309272167 41.15183335028722))",100.0,4.0,33.64515819750719
111,108.0,51817,C,4.0,33.64515819750719,"POLYGON ((1.8522309272167 41.15183335028722, 1.8994850052508003 41.155710468312044, 1.9041669218585269 41.11977191553115, 1.8569395987465425 41.1158973912005, 1.8522309272167 41.15183335028722))",101.0,4.0,33.64515819750719
112,0.0,52083,AN,0.0,0.0,"POLYGON ((1.8900990318930793 41.22758272485497, 1.9374119488524941 41.231442545949456, 1.942081780926494 41.19550463739731, 1.8947957138669127 41.19164740379571, 1.8900990318930793 41.22758272485497))",102.0,2.0,16.822579098753597
113,109.0,52083,C,2.0,16.822579098753597,"POLYGON ((1.8900990318930793 41.22758272485497, 1.9374119488524941 41.231442545949456, 1.942081780926494 41.19550463739731, 1.8947957138669127 41.19164740379571, 1.8900990318930793 41.22758272485497))",0.0,0.0,0.0
114,110.0,52084,AN,2.0,16.822579098753597,"POLYGON ((1.8947957138669127 41.19164740379571, 1.942081780926494 41.19550463739731, 1.946744263672716 41.159565118626176, 1.8994850052508003 41.155710468312044, 1.8947957138669127 41.19164740379571))",103.0,2.0,16.822579098753597
115,111.0,52085,AN,5.0,42.05644774688399,"POLYGON ((1.8994850052508003 41.155710468312044, 1.946744263672716 41.159565118626176, 1.9513994128200107 41.123623986754104, 1.9041669218585269 41.11977191553115, 1.8994850052508003 41.155710468312044))",104.0,5.0,42.05644774688399
116,112.0,52353,AN,4.0,33.64515819750719,"POLYGON ((1.946744263672716 41.159565118626176, 1.9940086737394402 41.163397297300214, 1.9986370429555027 41.12745360094989, 1.9513994128200107 41.123623986754104, 1.946744263672716 41.159565118626176))",105.0,5.0,42.05644774688399
117,113.0,52353,C,1.0,8.411289549376798,"POLYGON ((1.946744263672716 41.159565118626176, 1.9940086737394402 41.163397297300214, 1.9986370429555027 41.12745360094989, 1.9513994128200107 41.123623986754104, 1.946744263672716 41.159565118626176))",0.0,0.0,0.0
118,114.0,54489,AN,3.0,25.233868648130397,"POLYGON ((2.2892234668992577 41.47722627295491, 2.3367445712061503 41.48089826172831, 2.341214372604048 41.44494710499899, 2.293720479965085 41.441277595600106, 2.2892234668992577 41.47722627295491))",106.0,3.0,25.233868648130397
119,115.0,54757,AN,7.0,58.87902684563759,"POLYGON ((2.3367445712061503 41.48089826172831, 2.384270663324865 41.48454762602416, 2.388713240914695 41.448594004807944, 2.341214372604048 41.44494710499899, 2.3367445712061503 41.48089826172831))",107.0,7.0,58.87902684563759
120,116.0,54758,AN,5.0,42.05644774688399,"POLYGON ((2.341214372604048 41.44494710499899, 2.388713240914695 41.448594004807944, 2.3931487936054943 41.41263883191918, 2.3456771069607223 41.40899439257087, 2.341214372604048 41.44494710499899))",108.0,6.0,50.46773729626079
121,117.0,54758,C,1.0,8.411289549376798,"POLYGON ((2.341214372604048 41.44494710499899, 2.388713240914695 41.448594004807944, 2.3931487936054943 41.41263883191918, 2.3456771069607223 41.40899439257087, 2.341214372604048 41.44494710499899))",0.0,0.0,0.0
122,118.0,55024,C,1.0,8.411289549376798,"POLYGON ((2.3798210456487787 41.5204996985184, 2.427379374144183 41.52412888814801, 2.4318017136763697 41.488174362052675, 2.384270663324865 41.48454762602416, 2.3798210456487787 41.5204996985184))",109.0,1.0,8.411289549376798
123,119.0,55025,AN,18.0,151.40321188878238,"POLYGON ((2.384270663324865 41.48454762602416, 2.4318017136763697 41.488174362052675, 2.4362170553880804 41.452218291246815, 2.388713240914695 41.448594004807944, 2.384270663324865 41.48454762602416))",110.0,18.0,151.40321188878238
124,120.0,55025,C,1.0,8.411289549376798,"POLYGON ((2.384270663324865 41.48454762602416, 2.4318017136763697 41.488174362052675, 2.4362170553880804 41.452218291246815, 2.388713240914695 41.448594004807944, 2.384270663324865 41.48454762602416))",111.0,1.0,8.411289549376798
125,121.0,55026,AN,2.0,16.822579098753597,"POLYGON ((2.388713240914695 41.448594004807944, 2.4362170553880804 41.452218291246815, 2.44062541437841 41.4162606727711, 2.3931487936054943 41.41263883191918, 2.388713240914695 41.448594004807944))",112.0,2.0,16.822579098753597
126,122.0,55027,AN,6.0,50.46773729626079,"POLYGON ((2.3931487936054943 41.41263883191918, 2.44062541437841 41.4162606727711, 2.4450268057012225 41.3803015036634, 2.397577336539005 41.37668210440449, 2.3931487936054943 41.41263883191918))",113.0,10.0,84.11289549376798
127,123.0,55027,C,4.0,33.64515819750719,"POLYGON ((2.3931487936054943 41.41263883191918, 2.44062541437841 41.4162606727711, 2.4450268057012225 41.3803015036634, 2.397577336539005 41.37668210440449, 2.3931487936054943 41.41263883191918))",0.0,0.0,0.0
128,124.0,55292,AN,4.0,33.64515819750719,"POLYGON ((2.427379374144183 41.52412888814801, 2.4749426433005466 41.527735430812065, 2.4793376926535786 41.49177846604622, 2.4318017136763697 41.488174362052675, 2.427379374144183 41.52412888814801))",114.0,7.0,58.87902684563759
129,125.0,55292,C,3.0,25.233868648130397,"POLYGON ((2.427379374144183 41.52412888814801, 2.4749426433005466 41.527735430812065, 2.4793376926535786 41.49177846604622, 2.4318017136763697 41.488174362052675, 2.427379374144183 41.52412888814801))",0.0,0.0,0.0
130,126.0,55293,AN,24.0,201.87094918504317,"POLYGON ((2.4318017136763697 41.488174362052675, 2.4793376926535786 41.49177846604622, 2.4837257864873115 41.45581996055761, 2.4362170553880804 41.452218291246815, 2.4318017136763697 41.488174362052675))",115.0,46.0,386.9193192713327
131,127.0,55293,C,38.0,319.62900287631834,"POLYGON ((2.4318017136763697 41.488174362052675, 2.4793376926535786 41.49177846604622, 2.4837257864873115 41.45581996055761, 2.4362170553880804 41.452218291246815, 2.4318017136763697 41.488174362052675))",116.0,16.0,134.58063279002877
132,128.0,55294,AN,8.0,67.29031639501439,"POLYGON ((2.4362170553880804 41.452218291246815, 2.4837257864873115 41.45581996055761, 2.4881069398125666 41.41985991137821, 2.44062541437841 41.4162606727711, 2.4362170553880804 41.452218291246815))",117.0,14.0,117.75805369127518
133,129.0,55294,C,6.0,50.46773729626079,"POLYGON ((2.4362170553880804 41.452218291246815, 2.4837257864873115 41.45581996055761, 2.4881069398125666 41.41985991137821, 2.44062541437841 41.4162606727711, 2.4362170553880804 41.452218291246815))",0.0,0.0,0.0
134,130.0,55295,AN,4.0,33.64515819750719,"POLYGON ((2.44062541437841 41.4162606727711, 2.4881069398125666 41.41985991137821, 2.492481167595204 41.383898315537174, 2.4450268057012225 41.3803015036634, 2.44062541437841 41.4162606727711))",118.0,4.0,33.64515819750719
135,131.0,55560,AN,1.0,8.411289549376798,"POLYGON ((2.4749426433005466 41.527735430812065, 2.522510823412391 41.53131932275562, 2.52687857062151 41.495359934259426, 2.4793376926535786 41.49177846604622, 2.4749426433005466 41.527735430812065))",119.0,4.0,33.64515819750719
136,132.0,55560,C,3.0,25.233868648130397,"POLYGON ((2.4749426433005466 41.527735430812065, 2.522510823412391 41.53131932275562, 2.52687857062151 41.495359934259426, 2.4793376926535786 41.49177846604622, 2.4749426433005466 41.527735430812065))",0.0,0.0,0.0
137,133.0,55561,AN,14.0,117.75805369127518,"POLYGON ((2.4793376926535786 41.49177846604622, 2.52687857062151 41.495359934259426, 2.5312394046476845 41.459399009004535, 2.4837257864873115 41.45581996055761, 2.4793376926535786 41.49177846604622))",120.0,17.0,142.99192233940556
138,134.0,55561,C,3.0,25.233868648130397,"POLYGON ((2.4793376926535786 41.49177846604622, 2.52687857062151 41.495359934259426, 2.5312394046476845 41.459399009004535, 2.4837257864873115 41.45581996055761, 2.4793376926535786 41.49177846604622))",0.0,0.0,0.0
139,135.0,55562,AN,5.0,42.05644774688399,"POLYGON ((2.4837257864873115 41.45581996055761, 2.5312394046476845 41.459399009004535, 2.535593340413359 41.423436544014265, 2.4881069398125666 41.41985991137821, 2.4837257864873115 41.45581996055761))",121.0,5.0,42.05644774688399
140,136.0,55562,C,8.0,67.29031639501439,"POLYGON ((2.4837257864873115 41.45581996055761, 2.5312394046476845 41.459399009004535, 2.535593340413359 41.423436544014265, 2.4881069398125666 41.41985991137821, 2.4837257864873115 41.45581996055761))",122.0,8.0,67.29031639501439
141,137.0,55827,AN,3.0,25.233868648130397,"POLYGON ((2.5181361480530025 41.56727717746709, 2.5657365658852456 41.57084082768705, 2.5700838847464045 41.53488056024598, 2.522510823412391 41.53131932275562, 2.5181361480530025 41.56727717746709))",123.0,3.0,25.233868648130397
142,138.0,55828,AN,3.0,25.233868648130397,"POLYGON ((2.522510823412391 41.53131932275562, 2.5700838847464045 41.53488056024598, 2.574424317917429 41.498918762969154, 2.52687857062151 41.495359934259426, 2.522510823412391 41.53131932275562))",124.0,6.0,50.46773729626079
143,139.0,55828,C,3.0,25.233868648130397,"POLYGON ((2.522510823412391 41.53131932275562, 2.5700838847464045 41.53488056024598, 2.574424317917429 41.498918762969154, 2.52687857062151 41.495359934259426, 2.522510823412391 41.53131932275562))",0.0,0.0,0.0
144,140.0,55829,AN,18.0,151.40321188878238,"POLYGON ((2.52687857062151 41.495359934259426, 2.574424317917429 41.498918762969154, 2.5787578802768705 41.46295543287396, 2.5312394046476845 41.459399009004535, 2.52687857062151 41.495359934259426))",125.0,27.0,227.10481783317354
145,141.0,55829,C,9.0,75.70160594439119,"POLYGON ((2.52687857062151 41.495359934259426, 2.574424317917429 41.498918762969154, 2.5787578802768705 41.46295543287396, 2.5312394046476845 41.459399009004535, 2.52687857062151 41.495359934259426))",0.0,0.0,0.0
146,142.0,56094,AN,2.0,16.822579098753597,"POLYGON ((2.5613823464105887 41.60679956827218, 2.6090150385032604 41.61034294702601, 2.61334184703705 41.5743818047605, 2.5657365658852456 41.57084082768705, 2.5613823464105887 41.60679956827218))",126.0,2.0,16.822579098753597
147,143.0,56095,AN,2.0,16.822579098753597,"POLYGON ((2.5657365658852456 41.57084082768705, 2.61334184703705 41.5743818047605, 2.617661797541576 41.53841913957284, 2.5700838847464045 41.53488056024598, 2.5657365658852456 41.57084082768705))",127.0,2.0,16.822579098753597
148,144.0,56096,AN,6.0,50.46773729626079,"POLYGON ((2.5700838847464045 41.53488056024598, 2.617661797541576 41.53841913957284, 2.6219749048510272 41.50245494847458, 2.574424317917429 41.498918762969154, 2.5700838847464045 41.53488056024598))",128.0,6.0,50.46773729626079
149,145.0,56097,AN,7.0,58.87902684563759,"POLYGON ((2.574424317917429 41.498918762969154, 2.6219749048510272 41.50245494847458, 2.626281183755046 41.46648922847455, 2.5787578802768705 41.46295543287396, 2.574424317917429 41.498918762969154))",129.0,19.0,159.81450143815917
150,146.0,56097,C,20.0,168.22579098753596,"POLYGON ((2.574424317917429 41.498918762969154, 2.6219749048510272 41.50245494847458, 2.626281183755046 41.46648922847455, 2.5787578802768705 41.46295543287396, 2.574424317917429 41.498918762969154))",130.0,8.0,67.29031639501439
151,0.0,56363,AN,0.0,0.0,"POLYGON ((2.61334184703705 41.5743818047605, 2.6609519616488986 41.57790010499, 2.665244532009377 41.54193505704824, 2.617661797541576 41.53841913957284, 2.61334184703705 41.5743818047605))",131.0,2.0,16.822579098753597
152,147.0,56363,C,2.0,16.822579098753597,"POLYGON ((2.61334184703705 41.5743818047605, 2.6609519616488986 41.57790010499, 2.665244532009377 41.54193505704824, 2.617661797541576 41.53841913957284, 2.61334184703705 41.5743818047605))",0.0,0.0,0.0
153,148.0,56364,AN,3.0,25.233868648130397,"POLYGON ((2.617661797541576 41.53841913957284, 2.665244532009377 41.54193505704824, 2.6695303017045657 41.505968487097206, 2.6219749048510272 41.50245494847458, 2.617661797541576 41.53841913957284))",132.0,4.0,33.64515819750719
154,149.0,56364,C,1.0,8.411289549376798,"POLYGON ((2.617661797541576 41.53841913957284, 2.665244532009377 41.54193505704824, 2.6695303017045657 41.505968487097206, 2.6219749048510272 41.50245494847458, 2.617661797541576 41.53841913957284))",0.0,0.0,0.0
155,150.0,56365,AN,3.0,25.233868648130397,"POLYGON ((2.6219749048510272 41.50245494847458, 2.6695303017045657 41.505968487097206, 2.6738092854350697 41.47000039213716, 2.626281183755046 41.46648922847455, 2.6219749048510272 41.50245494847458))",133.0,3.0,25.233868648130397
156,151.0,56366,AN,7.0,58.87902684563759,"POLYGON ((2.626281183755046 41.46648922847455, 2.6738092854350697 41.47000039213716, 2.6780814978573653 41.43403076916571, 2.630580648998897 41.430521976578845, 2.626281183755046 41.46648922847455))",134.0,7.0,58.87902684563759
157,152.0,56631,AN,2.0,16.822579098753597,"POLYGON ((2.6609519616488986 41.57790010499, 2.7085668798337936 41.58139572470061, 2.7128320583339085 41.54542830900664, 2.665244532009377 41.54193505704824, 2.6609519616488986 41.57790010499))",135.0,2.0,16.822579098753597
158,153.0,56632,AN,1.0,8.411289549376798,"POLYGON ((2.665244532009377 41.54193505704824, 2.7128320583339085 41.54542830900664, 2.717090478733039 41.50945937518084, 2.6695303017045657 41.505968487097206, 2.665244532009377 41.54193505704824))",136.0,1.0,8.411289549376798
159,154.0,56634,AN,5.0,42.05644774688399,"POLYGON ((2.6738092854350697 41.47000039213716, 2.721342155642621 41.47348892021499, 2.725587103630222 41.43751694109821, 2.6780814978573653 41.43403076916571, 2.6738092854350697 41.47000039213716))",137.0,5.0,42.05644774688399
160,155.0,56898,AN,4.0,33.64515819750719,"POLYGON ((2.7042949285772306 41.61736162526831, 2.751942066614539 41.62083691741056, 2.756186571677434 41.58486866023986, 2.7085668798337936 41.58139572470061, 2.7042949285772306 41.61736162526831))",138.0,4.0,33.64515819750719
161,156.0,56899,AN,3.0,25.233868648130397,"POLYGON ((2.7085668798337936 41.58139572470061, 2.756186571677434 41.58486866023986, 2.7604243466720626 41.5488988918049, 2.7128320583339085 41.54542830900664, 2.7085668798337936 41.58139572470061))",139.0,3.0,25.233868648130397
162,157.0,57165,AN,2.0,16.822579098753597,"POLYGON ((2.747690816873536 41.656803666328315, 2.795370210850327 41.660258601029675, 2.7995939599772166 41.62428950670693, 2.751942066614539 41.62083691741056, 2.747690816873536 41.656803666328315))",140.0,2.0,16.822579098753597
163,158.0,57166,AN,5.0,42.05644774688399,"POLYGON ((2.751942066614539 41.62083691741056, 2.7995939599772166 41.62428950670693, 2.803811007238368 41.58831890797776, 2.756186571677434 41.58486866023986, 2.751942066614539 41.62083691741056))",141.0,7.0,58.87902684563759
164,159.0,57166,C,2.0,16.822579098753597,"POLYGON ((2.751942066614539 41.62083691741056, 2.7995939599772166 41.62428950670693, 2.803811007238368 41.58831890797776, 2.756186571677434 41.58486866023986, 2.751942066614539 41.62083691741056))",0.0,0.0,0.0
165,160.0,57167,AN,2.0,16.822579098753597,"POLYGON ((2.756186571677434 41.58486866023986, 2.803811007238368 41.58831890797776, 2.8080213671536756 41.55234680182237, 2.7604243466720626 41.5488988918049, 2.756186571677434 41.58486866023986))",142.0,2.0,16.822579098753597
166,161.0,57432,AN,1.0,8.411289549376798,"POLYGON ((2.791139745293973 41.69622619396314, 2.8388514312483846 41.69966074128208, 2.843054341683102 41.66369081419062, 2.795370210850327 41.660258601029675, 2.791139745293973 41.69622619396314))",143.0,1.0,8.411289549376798
167,162.0,57433,AN,10.0,84.11289549376798,"POLYGON ((2.795370210850327 41.660258601029675, 2.843054341683102 41.66369081419062, 2.847250578625226 41.62771938954076, 2.7995939599772166 41.62428950670693, 2.795370210850327 41.660258601029675))",144.0,10.0,84.11289549376798
168,163.0,57433,C,4.0,33.64515819750719,"POLYGON ((2.795370210850327 41.660258601029675, 2.843054341683102 41.66369081419062, 2.847250578625226 41.62771938954076, 2.7995939599772166 41.62428950670693, 2.795370210850327 41.660258601029675))",145.0,4.0,33.64515819750719
169,164.0,57434,AN,1.0,8.411289549376798,"POLYGON ((2.7995939599772166 41.62428950670693, 2.847250578625226 41.62771938954076, 2.851440156548152 41.59174646430689, 2.803811007238368 41.58831890797776, 2.7995939599772166 41.62428950670693))",146.0,1.0,8.411289549376798
170,165.0,57435,AN,1.0,8.411289549376798,"POLYGON ((2.803811007238368 41.58831890797776, 2.851440156548152 41.59174646430689, 2.855623089881704 41.555772035460826, 2.8080213671536756 41.55234680182237, 2.803811007238368 41.58831890797776))",147.0,1.0,8.411289549376798
171,166.0,57700,AN,1.0,8.411289549376798,"POLYGON ((2.8388514312483846 41.69966074128208, 2.886567835452759 41.703072548346114, 2.890743179232998 41.66710030220787, 2.843054341683102 41.66369081419062, 2.8388514312483846 41.69966074128208))",148.0,2.0,16.822579098753597
172,167.0,57700,C,1.0,8.411289549376798,"POLYGON ((2.8388514312483846 41.69966074128208, 2.886567835452759 41.703072548346114, 2.890743179232998 41.66710030220787, 2.843054341683102 41.66369081419062, 2.8388514312483846 41.69966074128208))",0.0,0.0,0.0
173,168.0,57701,AN,8.0,67.29031639501439,"POLYGON ((2.843054341683102 41.66369081419062, 2.890743179232998 41.66710030220787, 2.8949118924916077 41.63112656231794, 2.847250578625226 41.62771938954076, 2.843054341683102 41.66369081419062))",149.0,14.0,117.75805369127518
174,169.0,57701,C,10.0,84.11289549376798,"POLYGON ((2.843054341683102 41.66369081419062, 2.890743179232998 41.66710030220787, 2.8949118924916077 41.63112656231794, 2.847250578625226 41.62771938954076, 2.843054341683102 41.66369081419062))",150.0,4.0,33.64515819750719
175,170.0,57702,AN,3.0,25.233868648130397,"POLYGON ((2.847250578625226 41.62771938954076, 2.8949118924916077 41.63112656231794, 2.899073989611523 41.59515132564235, 2.851440156548152 41.59174646430689, 2.847250578625226 41.62771938954076))",151.0,3.0,25.233868648130397
176,171.0,57702,C,1.0,8.411289549376798,"POLYGON ((2.847250578625226 41.62771938954076, 2.8949118924916077 41.63112656231794, 2.899073989611523 41.59515132564235, 2.851440156548152 41.59174646430689, 2.847250578625226 41.62771938954076))",152.0,1.0,8.411289549376798
177,172.0,57703,AN,8.0,67.29031639501439,"POLYGON ((2.851440156548152 41.59174646430689, 2.899073989611523 41.59515132564235, 2.9032294849323668 41.55917458914461, 2.855623089881704 41.555772035460826, 2.851440156548152 41.59174646430689))",153.0,8.0,67.29031639501439
178,173.0,57969,AN,21.0,176.63708053691278,"POLYGON ((2.890743179232998 41.66710030220787, 2.938436693334292 41.67048706150077, 2.942577871482631 41.63451102146704, 2.8949118924916077 41.63112656231794, 2.890743179232998 41.66710030220787))",154.0,19.0,159.81450143815917
179,174.0,57969,C,8.0,67.29031639501439,"POLYGON ((2.890743179232998 41.66710030220787, 2.938436693334292 41.67048706150077, 2.942577871482631 41.63451102146704, 2.8949118924916077 41.63112656231794, 2.890743179232998 41.66710030220787))",155.0,10.0,84.11289549376798
180,175.0,57970,AN,14.0,117.75805369127518,"POLYGON ((2.8949118924916077 41.63112656231794, 2.942577871482631 41.63451102146704, 2.946712476406539 41.59853348842189, 2.899073989611523 41.59515132564235, 2.8949118924916077 41.63112656231794))",156.0,32.0,269.16126558005755
181,176.0,57970,C,24.0,201.87094918504317,"POLYGON ((2.8949118924916077 41.63112656231794, 2.942577871482631 41.63451102146704, 2.946712476406539 41.59853348842189, 2.899073989611523 41.59515132564235, 2.8949118924916077 41.63112656231794))",157.0,6.0,50.46773729626079
182,177.0,57971,AN,5.0,42.05644774688399,"POLYGON ((2.899073989611523 41.59515132564235, 2.946712476406539 41.59853348842189, 2.950840522355314 41.56255445932053, 2.9032294849323668 41.55917458914461, 2.899073989611523 41.59515132564235))",158.0,6.0,50.46773729626079
183,178.0,57971,C,7.0,58.87902684563759,"POLYGON ((2.899073989611523 41.59515132564235, 2.946712476406539 41.59853348842189, 2.950840522355314 41.56255445932053, 2.9032294849323668 41.55917458914461, 2.899073989611523 41.59515132564235))",159.0,6.0,50.46773729626079
184,179.0,58235,AN,2.0,16.822579098753597,"POLYGON ((2.930134560151729 41.74243467470049, 2.97788794274842 41.745803283071375, 2.9820146776328946 41.70982792737281, 2.9342889276691704 41.70646161156536, 2.930134560151729 41.74243467470049))",160.0,2.0,16.822579098753597
185,180.0,58237,AN,4.0,33.64515819750719,"POLYGON ((2.938436693334292 41.67048706150077, 2.986134853794555 41.67385108851144, 2.9902484854779634 41.63787276343929, 2.942577871482631 41.63451102146704, 2.938436693334292 41.67048706150077))",161.0,4.0,33.64515819750719
186,181.0,58238,AN,1.0,8.411289549376798,"POLYGON ((2.942577871482631 41.63451102146704, 2.9902484854779634 41.63787276343929, 2.994355586884761 41.601892949105846, 2.946712476406539 41.59853348842189, 2.942577871482631 41.63451102146704))",162.0,1.0,8.411289549376798
187,182.0,58238,C,4.0,33.64515819750719,"POLYGON ((2.942577871482631 41.63451102146704, 2.9902484854779634 41.63787276343929, 2.994355586884761 41.601892949105846, 2.946712476406539 41.59853348842189, 2.942577871482631 41.63451102146704))",163.0,4.0,33.64515819750719
188,183.0,58239,AN,1.0,8.411289549376798,"POLYGON ((2.946712476406539 41.59853348842189, 2.994355586884761 41.601892949105846, 2.998456172173793 41.565911642458026, 2.950840522355314 41.56255445932053, 2.946712476406539 41.59853348842189))",164.0,1.0,8.411289549376798
189,184.0,58502,AN,2.0,16.822579098753597,"POLYGON ((2.97375463485347 41.781777158652595, 3.021540343492634 41.78512528205563, 3.0256459641506 41.749149125323264, 2.97788794274842 41.745803283071375, 2.97375463485347 41.781777158652595))",165.0,2.0,16.822579098753597
190,185.0,58503,AN,5.0,42.05644774688399,"POLYGON ((2.97788794274842 41.745803283071375, 3.0256459641506 41.749149125323264, 3.0297450550525644 41.71317149222419, 2.9820146776328946 41.70982792737281, 2.97788794274842 41.745803283071375))",166.0,5.0,42.05644774688399
191,186.0,58505,AN,10.0,84.11289549376798,"POLYGON ((2.986134853794555 41.67385108851144, 3.0338376303948236 41.67719237970473, 3.0379237043308387 41.641211784708624, 2.9902484854779634 41.63787276343929, 2.986134853794555 41.67385108851144))",167.0,7.0,58.87902684563759
192,187.0,58505,C,2.0,16.822579098753597,"POLYGON ((2.986134853794555 41.67385108851144, 3.0338376303948236 41.67719237970473, 3.0379237043308387 41.641211784708624, 2.9902484854779634 41.63787276343929, 2.986134853794555 41.67385108851144))",168.0,5.0,42.05644774688399
193,188.0,58506,AN,3.0,25.233868648130397,"POLYGON ((2.9902484854779634 41.63787276343929, 3.0379237043308387 41.641211784708624, 3.042003290971404 41.60522970417714, 2.994355586884761 41.601892949105846, 2.9902484854779634 41.63787276343929))",169.0,4.0,33.64515819750719
194,189.0,58506,C,1.0,8.411289549376798,"POLYGON ((2.9902484854779634 41.63787276343929, 3.0379237043308387 41.641211784708624, 3.042003290971404 41.60522970417714, 2.994355586884761 41.601892949105846, 2.9902484854779634 41.63787276343929))",0.0,0.0,0.0
195,190.0,58770,AN,5.0,42.05644774688399,"POLYGON ((3.021540343492634 41.78512528205563, 3.0693306718571014 41.788450620612814, 3.073408593967727 41.75247219792567, 3.0256459641506 41.749149125323264, 3.021540343492634 41.78512528205563))",170.0,5.0,42.05644774688399
196,191.0,58771,AN,1.0,8.411289549376798,"POLYGON ((3.0256459641506 41.749149125323264, 3.073408593967727 41.75247219792567, 3.077480029610346 41.716492302598134, 3.0297450550525644 41.71317149222419, 3.0256459641506 41.749149125323264))",171.0,1.0,8.411289549376798
197,192.0,58773,C,4.0,33.64515819750719,"POLYGON ((3.0338376303948236 41.67719237970473, 3.0815449928897594 41.68051093156827, 3.0856034978682003 41.64452808177169, 3.0379237043308387 41.641211784708624, 3.0338376303948236 41.67719237970473))",172.0,4.0,33.64515819750719
198,193.0,59037,AN,3.0,25.233868648130397,"POLYGON ((3.065246249130957 41.82442757371901, 3.1130689199286437 41.827732378373284, 3.1171255894569136 41.79175317080761, 3.0693306718571014 41.788450620612814, 3.065246249130957 41.82442757371901))",173.0,11.0,92.52418504314478
199,194.0,59037,C,8.0,67.29031639501439,"POLYGON ((3.065246249130957 41.82442757371901, 3.1130689199286437 41.827732378373284, 3.1171255894569136 41.79175317080761, 3.0693306718571014 41.788450620612814, 3.065246249130957 41.82442757371901))",0.0,0.0,0.0
200,195.0,59038,AN,7.0,58.87902684563759,"POLYGON ((3.0693306718571014 41.788450620612814, 3.1171255894569136 41.79175317080761, 3.1211758017828544 41.75577249737108, 3.073408593967727 41.75247219792567, 3.0693306718571014 41.788450620612814))",174.0,7.0,58.87902684563759
201,196.0,59039,AN,1.0,8.411289549376798,"POLYGON ((3.073408593967727 41.75247219792567, 3.1211758017828544 41.75577249737108, 3.1252195709620927 41.719790354996064, 3.077480029610346 41.716492302598134, 3.073408593967727 41.75247219792567))",175.0,1.0,8.411289549376798
202,197.0,59040,AN,2.0,16.822579098753597,"POLYGON ((3.077480029610346 41.716492302598134, 3.1252195709620927 41.719790354996064, 3.12925691100781 41.683806740612525, 3.0815449928897594 41.68051093156827, 3.077480029610346 41.716492302598134))",176.0,2.0,16.822579098753597
203,198.0,59305,AN,1.0,8.411289549376798,"POLYGON ((3.1130689199286437 41.827732378373284, 3.160896160642843 41.83101437593275, 3.1649250657757753 41.7950329291464, 3.1171255894569136 41.79175317080761, 3.1130689199286437 41.827732378373284))",177.0,9.0,75.70160594439119
204,199.0,59305,C,9.0,75.70160594439119,"POLYGON ((3.1130689199286437 41.827732378373284, 3.160896160642843 41.83101437593275, 3.1649250657757753 41.7950329291464, 3.1171255894569136 41.79175317080761, 3.1130689199286437 41.827732378373284))",178.0,1.0,8.411289549376798
205,200.0,59306,AN,4.0,33.64515819750719,"POLYGON ((3.1171255894569136 41.79175317080761, 3.1649250657757753 41.7950329291464, 3.168947557152797 41.75905002017486, 3.1211758017828544 41.75577249737108, 3.1171255894569136 41.79175317080761))",179.0,5.0,42.05644774688399
206,201.0,59306,C,1.0,8.411289549376798,"POLYGON ((3.1171255894569136 41.79175317080761, 3.1649250657757753 41.7950329291464, 3.168947557152797 41.75905002017486, 3.1211758017828544 41.75577249737108, 3.1171255894569136 41.79175317080761))",0.0,0.0,0.0
207,202.0,59307,AN,1.0,8.411289549376798,"POLYGON ((3.1211758017828544 41.75577249737108, 3.168947557152797 41.75905002017486, 3.17296364873752 41.72306564594239, 3.1252195709620927 41.719790354996064, 3.1211758017828544 41.75577249737108))",180.0,2.0,16.822579098753597
208,203.0,59307,C,1.0,8.411289549376798,"POLYGON ((3.1211758017828544 41.75577249737108, 3.168947557152797 41.75905002017486, 3.17296364873752 41.72306564594239, 3.1252195709620927 41.719790354996064, 3.1211758017828544 41.75577249737108))",0.0,0.0,0.0
209,204.0,59562,AN,7.0,58.87902684563759,"POLYGON ((3.116150859999349 42.22671466356198, 3.16429106699354 42.229998558222476, 3.1683631973098736 42.19403072839138, 3.1202512502678785 42.190749098517166, 3.116150859999349 42.22671466356198))",181.0,7.0,58.87902684563759
210,205.0,59563,AN,4.0,33.64515819750719,"POLYGON ((3.1202512502678785 42.190749098517166, 3.1683631973098736 42.19403072839138, 3.1724288019522913 42.15806147379745, 3.1243450703514877 42.15478210495781, 3.1202512502678785 42.190749098517166))",182.0,2.0,16.822579098753597
211,0.0,59563,C,0.0,0.0,"POLYGON ((3.1202512502678785 42.190749098517166, 3.1683631973098736 42.19403072839138, 3.1724288019522913 42.15806147379745, 3.1243450703514877 42.15478210495781, 3.1202512502678785 42.190749098517166))",183.0,2.0,16.822579098753597
212,206.0,59564,AN,7.0,58.87902684563759,"POLYGON ((3.1243450703514877 42.15478210495781, 3.1724288019522913 42.15806147379745, 3.176487895263723 42.12209079138374, 3.128432334688273 42.11881367983529, 3.1243450703514877 42.15478210495781))",184.0,9.0,75.70160594439119
213,207.0,59564,C,8.0,67.29031639501439,"POLYGON ((3.1243450703514877 42.15478210495781, 3.1724288019522913 42.15806147379745, 3.176487895263723 42.12209079138374, 3.128432334688273 42.11881367983529, 3.1243450703514877 42.15478210495781))",185.0,6.0,50.46773729626079
214,208.0,59565,AN,2.0,16.822579098753597,"POLYGON ((3.128432334688273 42.11881367983529, 3.176487895263723 42.12209079138374, 3.1805404915434363 42.08611867809085, 3.132513057672387 42.082843820098596, 3.128432334688273 42.11881367983529))",186.0,2.0,16.822579098753597
215,209.0,59573,AN,2.0,16.822579098753597,"POLYGON ((3.160896160642843 41.83101437593275, 3.2087279406576763 41.834273562917865, 3.212729070271226 41.79828989215865, 3.1649250657757753 41.7950329291464, 3.160896160642843 41.83101437593275))",187.0,2.0,16.822579098753597
216,210.0,59573,C,8.0,67.29031639501439,"POLYGON ((3.160896160642843 41.83101437593275, 3.2087279406576763 41.834273562917865, 3.212729070271226 41.79828989215865, 3.1649250657757753 41.7950329291464, 3.160896160642843 41.83101437593275))",188.0,8.0,67.29031639501439
217,211.0,59574,AN,6.0,50.46773729626079,"POLYGON ((3.1649250657757753 41.7950329291464, 3.212729070271226 41.79828989215865, 3.2167238296082945 41.7623047628754, 3.168947557152797 41.75905002017486, 3.1649250657757753 41.7950329291464))",189.0,6.0,50.46773729626079
218,212.0,59574,C,3.0,25.233868648130397,"POLYGON ((3.1649250657757753 41.7950329291464, 3.212729070271226 41.79828989215865, 3.2167238296082945 41.7623047628754, 3.168947557152797 41.75905002017486, 3.1649250657757753 41.7950329291464))",190.0,3.0,25.233868648130397
219,213.0,59575,AN,1.0,8.411289549376798,"POLYGON ((3.168947557152797 41.75905002017486, 3.2167238296082945 41.7623047628754, 3.220712232540353 41.7263181719843, 3.17296364873752 41.72306564594239, 3.168947557152797 41.75905002017486))",191.0,4.0,33.64515819750719
220,214.0,59575,C,3.0,25.233868648130397,"POLYGON ((3.168947557152797 41.75905002017486, 3.2167238296082945 41.7623047628754, 3.220712232540353 41.7263181719843, 3.17296364873752 41.72306564594239, 3.168947557152797 41.75905002017486))",0.0,0.0,0.0
221,215.0,59829,AN,2.0,16.822579098753597,"POLYGON ((3.16021239661653 42.26596496634521, 3.20838555203852 42.26922813051029, 3.212435906402929 42.2332594693961, 3.16429106699354 42.229998558222476, 3.16021239661653 42.26596496634521))",192.0,2.0,16.822579098753597
222,216.0,59829,C,3.0,25.233868648130397,"POLYGON ((3.16021239661653 42.26596496634521, 3.20838555203852 42.26922813051029, 3.212435906402929 42.2332594693961, 3.16429106699354 42.229998558222476, 3.16021239661653 42.26596496634521))",193.0,3.0,25.233868648130397
223,217.0,59830,AN,38.0,319.62900287631834,"POLYGON ((3.16429106699354 42.229998558222476, 3.212435906402929 42.2332594693961, 3.216479765347438 42.19728939030851, 3.1683631973098736 42.19403072839138, 3.16429106699354 42.229998558222476))",194.0,47.0,395.33060882070953
224,218.0,59830,C,38.0,319.62900287631834,"POLYGON ((3.16429106699354 42.229998558222476, 3.212435906402929 42.2332594693961, 3.216479765347438 42.19728939030851, 3.1683631973098736 42.19403072839138, 3.16429106699354 42.229998558222476))",195.0,29.0,243.92739693192715
225,219.0,59831,AN,44.0,370.09674017257913,"POLYGON ((3.1683631973098736 42.19403072839138, 3.216479765347438 42.19728939030851, 3.220517143163225 42.161317890184684, 3.1724288019522913 42.15806147379745, 3.1683631973098736 42.19403072839138))",196.0,46.0,386.9193192713327
226,220.0,59831,C,26.0,218.69352828379675,"POLYGON ((3.1683631973098736 42.19403072839138, 3.216479765347438 42.19728939030851, 3.220517143163225 42.161317890184684, 3.1724288019522913 42.15806147379745, 3.1683631973098736 42.19403072839138))",197.0,24.0,201.87094918504317
227,221.0,59832,AN,61.0,513.0886625119847,"POLYGON ((3.1724288019522913 42.15806147379745, 3.220517143163225 42.161317890184684, 3.2245480540979226 42.12534496595939, 3.176487895263723 42.12209079138374, 3.1724288019522913 42.15806147379745))",198.0,81.0,681.3144534995207
228,222.0,59832,C,36.0,302.80642377756476,"POLYGON ((3.1724288019522913 42.15806147379745, 3.220517143163225 42.161317890184684, 3.2245480540979226 42.12534496595939, 3.176487895263723 42.12209079138374, 3.1724288019522913 42.15806147379745))",199.0,16.0,134.58063279002877
229,223.0,59833,AN,28.0,235.51610738255036,"POLYGON ((3.176487895263723 42.12209079138374, 3.2245480540979226 42.12534496595939, 3.2285725123557873 42.08937061456494, 3.1805404915434363 42.08611867809085, 3.176487895263723 42.12209079138374))",200.0,32.0,269.16126558005755
230,224.0,59833,C,4.0,33.64515819750719,"POLYGON ((3.176487895263723 42.12209079138374, 3.2245480540979226 42.12534496595939, 3.2285725123557873 42.08937061456494, 3.1805404915434363 42.08611867809085, 3.176487895263723 42.12209079138374))",0.0,0.0,0.0
231,225.0,59834,AN,6.0,50.46773729626079,"POLYGON ((3.1805404915434363 42.08611867809085, 3.2285725123557873 42.08937061456494, 3.2325905320978525 42.05339483293122, 3.184586605047199 42.05014513085688, 3.1805404915434363 42.08611867809085))",201.0,6.0,50.46773729626079
232,226.0,59834,C,2.0,16.822579098753597,"POLYGON ((3.1805404915434363 42.08611867809085, 3.2285725123557873 42.08937061456494, 3.2325905320978525 42.05339483293122, 3.184586605047199 42.05014513085688, 3.1805404915434363 42.08611867809085))",202.0,2.0,16.822579098753597
233,227.0,59835,AN,5.0,42.05644774688399,"POLYGON ((3.184586605047199 42.05014513085688, 3.2325905320978525 42.05339483293122, 3.2366021274420915 42.01741761798569, 3.1886262499874407 42.01417014661755, 3.184586605047199 42.05014513085688))",203.0,11.0,92.52418504314478
234,228.0,59835,C,7.0,58.87902684563759,"POLYGON ((3.184586605047199 42.05014513085688, 3.2325905320978525 42.05339483293122, 3.2366021274420915 42.01741761798569, 3.1886262499874407 42.01417014661755, 3.184586605047199 42.05014513085688))",204.0,1.0,8.411289549376798
235,229.0,59836,AN,14.0,117.75805369127518,"POLYGON ((3.1886262499874407 42.01417014661755, 3.2366021274420915 42.01741761798569, 3.2406073124635877 41.98143896665341, 3.192659440533427 41.97819372230608, 3.1886262499874407 42.01417014661755))",205.0,18.0,151.40321188878238
236,230.0,59836,C,4.0,33.64515819750719,"POLYGON ((3.1886262499874407 42.01417014661755, 3.2366021274420915 42.01741761798569, 3.2406073124635877 41.98143896665341, 3.192659440533427 41.97819372230608, 3.1886262499874407 42.01417014661755))",0.0,0.0,0.0
237,0.0,59837,AN,0.0,0.0,"POLYGON ((3.192659440533427 41.97819372230608, 3.2406073124635877 41.98143896665341, 3.2446061011946776 41.945458875856914, 3.196686190811389 41.94221585485326, 3.192659440533427 41.97819372230608))",206.0,2.0,16.822579098753597
238,231.0,59837,C,2.0,16.822579098753597,"POLYGON ((3.192659440533427 41.97819372230608, 3.2406073124635877 41.98143896665341, 3.2446061011946776 41.945458875856914, 3.196686190811389 41.94221585485326, 3.192659440533427 41.97819372230608))",0.0,0.0,0.0
239,232.0,59841,AN,3.0,25.233868648130397,"POLYGON ((3.2087279406576763 41.834273562917865, 3.25656422933116 41.837509935872255, 3.2605375723747936 41.80152405639684, 3.212729070271226 41.79828989215865, 3.2087279406576763 41.834273562917865))",207.0,6.0,50.46773729626079
240,233.0,59841,C,4.0,33.64515819750719,"POLYGON ((3.2087279406576763 41.834273562917865, 3.25656422933116 41.837509935872255, 3.2605375723747936 41.80152405639684, 3.212729070271226 41.79828989215865, 3.2087279406576763 41.834273562917865))",208.0,1.0,8.411289549376798
241,234.0,59842,AN,1.0,8.411289549376798,"POLYGON ((3.212729070271226 41.79828989215865, 3.2605375723747936 41.80152405639684, 3.2645045886541726 41.76553672203407, 3.2167238296082945 41.7623047628754, 3.212729070271226 41.79828989215865))",209.0,1.0,8.411289549376798
242,235.0,60098,AN,19.0,159.81450143815917,"POLYGON ((3.212435906402929 42.2332594693961, 3.2605853467357684 42.236497393550636, 3.2646009229648008 42.200525080745415, 3.216479765347438 42.19728939030851, 3.212435906402929 42.2332594693961))",210.0,46.0,386.9193192713327
243,236.0,60098,C,43.0,361.6854506232023,"POLYGON ((3.212435906402929 42.2332594693961, 3.2605853467357684 42.236497393550636, 3.2646009229648008 42.200525080745415, 3.216479765347438 42.19728939030851, 3.212435906402929 42.2332594693961))",211.0,16.0,134.58063279002877
244,237.0,60099,AN,42.0,353.27416107382555,"POLYGON ((3.216479765347438 42.19728939030851, 3.2646009229648008 42.200525080745415, 3.26861006264428 42.16455135060548, 3.220517143163225 42.161317890184684, 3.216479765347438 42.19728939030851))",212.0,49.0,412.1531879194631
245,238.0,60099,C,11.0,92.52418504314478,"POLYGON ((3.216479765347438 42.19728939030851, 3.2646009229648008 42.200525080745415, 3.26861006264428 42.16455135060548, 3.220517143163225 42.161317890184684, 3.216479765347438 42.19728939030851))",213.0,4.0,33.64515819750719
246,239.0,60100,AN,28.0,235.51610738255036,"POLYGON ((3.220517143163225 42.161317890184684, 3.26861006264428 42.16455135060548, 3.2726127799264098 42.128576200057324, 3.2245480540979226 42.12534496595939, 3.220517143163225 42.161317890184684))",214.0,41.0,344.86287152444874
247,240.0,60100,C,30.0,252.33868648130394,"POLYGON ((3.220517143163225 42.161317890184684, 3.26861006264428 42.16455135060548, 3.2726127799264098 42.128576200057324, 3.2245480540979226 42.12534496595939, 3.220517143163225 42.161317890184684))",215.0,17.0,142.99192233940556
248,241.0,60101,AN,27.0,227.10481783317354,"POLYGON ((3.2245480540979226 42.12534496595939, 3.2726127799264098 42.128576200057324, 3.276609088920306 42.092599626025034, 3.2285725123557873 42.08937061456494, 3.2245480540979226 42.12534496595939))",216.0,34.0,285.9838446788111
249,242.0,60101,C,19.0,159.81450143815917,"POLYGON ((3.2245480540979226 42.12534496595939, 3.2726127799264098 42.128576200057324, 3.276609088920306 42.092599626025034, 3.2285725123557873 42.08937061456494, 3.2245480540979226 42.12534496595939))",217.0,12.0,100.93547459252159
250,243.0,60102,AN,37.0,311.2177133269415,"POLYGON ((3.2285725123557873 42.08937061456494, 3.276609088920306 42.092599626025034, 3.2805990036921395 42.0566216254303, 3.2325905320978525 42.05339483293122, 3.2285725123557873 42.08937061456494))",218.0,38.0,319.62900287631834
251,244.0,60102,C,15.0,126.16934324065197,"POLYGON ((3.2285725123557873 42.08937061456494, 3.276609088920306 42.092599626025034, 3.2805990036921395 42.0566216254303, 3.2325905320978525 42.05339483293122, 3.2285725123557873 42.08937061456494))",219.0,14.0,117.75805369127518
252,245.0,60103,AN,46.0,386.9193192713327,"POLYGON ((3.2325905320978525 42.05339483293122, 3.2805990036921395 42.0566216254303, 3.2845825382653073 42.02064219519242, 3.2366021274420915 42.01741761798569, 3.2325905320978525 42.05339483293122))",220.0,38.0,319.62900287631834
253,246.0,60103,C,9.0,75.70160594439119,"POLYGON ((3.2325905320978525 42.05339483293122, 3.2805990036921395 42.0566216254303, 3.2845825382653073 42.02064219519242, 3.2366021274420915 42.01741761798569, 3.2325905320978525 42.05339483293122))",221.0,17.0,142.99192233940556
254,247.0,60104,AN,28.0,235.51610738255036,"POLYGON ((3.2366021274420915 42.01741761798569, 3.2845825382653073 42.02064219519242, 3.2885597066205774 41.98466133222827, 3.2406073124635877 41.98143896665341, 3.2366021274420915 42.01741761798569))",222.0,26.0,218.69352828379675
255,248.0,60104,C,18.0,151.40321188878238,"POLYGON ((3.2366021274420915 42.01741761798569, 3.2845825382653073 42.02064219519242, 3.2885597066205774 41.98466133222827, 3.2406073124635877 41.98143896665341, 3.2366021274420915 42.01741761798569))",223.0,20.0,168.22579098753596
256,249.0,60105,AN,4.0,33.64515819750719,"POLYGON ((3.2406073124635877 41.98143896665341, 3.2885597066205774 41.98466133222827, 3.2925305226962696 41.94867903345233, 3.2446061011946776 41.945458875856914, 3.2406073124635877 41.98143896665341))",224.0,12.0,100.93547459252159
257,250.0,60105,C,9.0,75.70160594439119,"POLYGON ((3.2406073124635877 41.98143896665341, 3.2885597066205774 41.98466133222827, 3.2925305226962696 41.94867903345233, 3.2446061011946776 41.945458875856914, 3.2406073124635877 41.98143896665341))",225.0,1.0,8.411289549376798
258,251.0,60108,AN,2.0,16.822579098753597,"POLYGON ((3.2525845457022573 41.873494363549796, 3.300453153550801 41.87671011611102, 3.3044049959953825 41.840723491362674, 3.25656422933116 41.837509935872255, 3.2525845457022573 41.873494363549796))",226.0,2.0,16.822579098753597
259,252.0,60109,AN,2.0,16.822579098753597,"POLYGON ((3.25656422933116 41.837509935872255, 3.3044049959953825 41.840723491362674, 3.3083505414921657 41.80473541843656, 3.2605375723747936 41.80152405639684, 3.25656422933116 41.837509935872255))",227.0,2.0,16.822579098753597
260,253.0,60365,AN,5.0,42.05644774688399,"POLYGON ((3.256563319761709 42.2724682920922, 3.30474566819121 42.2756854475734, 3.3087393564734717 42.239712327177635, 3.2605853467357684 42.236497393550636, 3.256563319761709 42.2724682920922))",228.0,5.0,42.05644774688399
261,254.0,60365,C,1.0,8.411289549376798,"POLYGON ((3.256563319761709 42.2724682920922, 3.30474566819121 42.2756854475734, 3.3087393564734717 42.239712327177635, 3.2605853467357684 42.236497393550636, 3.256563319761709 42.2724682920922))",229.0,1.0,8.411289549376798
262,255.0,60366,AN,15.0,126.16934324065197,"POLYGON ((3.2605853467357684 42.236497393550636, 3.3087393564734717 42.239712327177635, 3.3127266387194583 42.203737796202795, 3.2646009229648008 42.200525080745415, 3.2605853467357684 42.236497393550636))",230.0,21.0,176.63708053691278
263,256.0,60366,C,21.0,176.63708053691278,"POLYGON ((3.2605853467357684 42.236497393550636, 3.3087393564734717 42.239712327177635, 3.3127266387194583 42.203737796202795, 3.2646009229648008 42.200525080745415, 3.2605853467357684 42.236497393550636))",231.0,15.0,126.16934324065197
264,257.0,60367,AN,22.0,185.04837008628957,"POLYGON ((3.2646009229648008 42.200525080745415, 3.3127266387194583 42.203737796202795, 3.316707529028807 42.16776185156956, 3.26861006264428 42.16455135060548, 3.2646009229648008 42.200525080745415))",232.0,30.0,252.33868648130394
265,258.0,60367,C,19.0,159.81450143815917,"POLYGON ((3.2646009229648008 42.200525080745415, 3.3127266387194583 42.203737796202795, 3.316707529028807 42.16776185156956, 3.26861006264428 42.16455135060548, 3.2646009229648008 42.200525080745415))",233.0,11.0,92.52418504314478
266,259.0,60368,AN,12.0,100.93547459252159,"POLYGON ((3.26861006264428 42.16455135060548, 3.316707529028807 42.16776185156956, 3.320682041458176 42.13178449019628, 3.2726127799264098 42.128576200057324, 3.26861006264428 42.16455135060548))",234.0,12.0,100.93547459252159
267,260.0,60369,AN,16.0,134.58063279002877,"POLYGON ((3.2726127799264098 42.128576200057324, 3.320682041458176 42.13178449019628, 3.324650190021409 42.095805708998846, 3.276609088920306 42.092599626025034, 3.2726127799264098 42.128576200057324))",235.0,17.0,142.99192233940556
268,261.0,60369,C,1.0,8.411289549376798,"POLYGON ((3.2726127799264098 42.128576200057324, 3.320682041458176 42.13178449019628, 3.324650190021409 42.095805708998846, 3.276609088920306 42.092599626025034, 3.2726127799264098 42.128576200057324))",0.0,0.0,0.0
269,262.0,60370,AN,7.0,58.87902684563759,"POLYGON ((3.276609088920306 42.092599626025034, 3.324650190021409 42.095805708998846, 3.328611988689684 42.05982550489082, 3.2805990036921395 42.0566216254303, 3.276609088920306 42.092599626025034))",236.0,13.0,109.34676414189838
270,263.0,60370,C,13.0,109.34676414189838,"POLYGON ((3.276609088920306 42.092599626025034, 3.324650190021409 42.095805708998846, 3.328611988689684 42.05982550489082, 3.2805990036921395 42.0566216254303, 3.276609088920306 42.092599626025034))",237.0,7.0,58.87902684563759
271,264.0,60371,AN,3.0,25.233868648130397,"POLYGON ((3.2805990036921395 42.0566216254303, 3.328611988689684 42.05982550489082, 3.3325674513916916 42.023843874783346, 3.2845825382653073 42.02064219519242, 3.2805990036921395 42.0566216254303))",238.0,6.0,50.46773729626079
272,265.0,60371,C,9.0,75.70160594439119,"POLYGON ((3.2805990036921395 42.0566216254303, 3.328611988689684 42.05982550489082, 3.3325674513916916 42.023843874783346, 3.2845825382653073 42.02064219519242, 3.2805990036921395 42.0566216254303))",239.0,6.0,50.46773729626079
273,266.0,60372,C,3.0,25.233868648130397,"POLYGON ((3.2845825382653073 42.02064219519242, 3.3325674513916916 42.023843874783346, 3.3365165920137763 41.98786081558523, 3.2885597066205774 41.98466133222827, 3.2845825382653073 42.02064219519242))",240.0,3.0,25.233868648130397
274,267.0,60633,AN,6.0,50.46773729626079,"POLYGON ((3.30474566819121 42.2756854475734, 3.352932565705354 42.278879593460246, 3.3568979040707756 42.242904266792515, 3.3087393564734717 42.239712327177635, 3.30474566819121 42.2756854475734))",241.0,9.0,75.70160594439119
275,268.0,60633,C,3.0,25.233868648130397,"POLYGON ((3.30474566819121 42.2756854475734, 3.352932565705354 42.278879593460246, 3.3568979040707756 42.242904266792515, 3.3087393564734717 42.239712327177635, 3.30474566819121 42.2756854475734))",0.0,0.0,0.0
276,269.0,60634,AN,19.0,159.81450143815917,"POLYGON ((3.3087393564734717 42.239712327177635, 3.3568979040707756 42.242904266792515, 3.3608568811423303 42.20692753320505, 3.3127266387194583 42.203737796202795, 3.3087393564734717 42.239712327177635))",242.0,25.0,210.28223873441996
277,270.0,60634,C,10.0,84.11289549376798,"POLYGON ((3.3087393564734717 42.239712327177635, 3.3568979040707756 42.242904266792515, 3.3608568811423303 42.20692753320505, 3.3127266387194583 42.203737796202795, 3.3087393564734717 42.239712327177635))",243.0,4.0,33.64515819750719
278,271.0,60635,AN,12.0,100.93547459252159,"POLYGON ((3.3127266387194583 42.203737796202795, 3.3608568811423303 42.20692753320505, 3.3648095109236915 42.17094938961036, 3.316707529028807 42.16776185156956, 3.3127266387194583 42.203737796202795))",244.0,12.0,100.93547459252159
279,272.0,60635,C,2.0,16.822579098753597,"POLYGON ((3.3127266387194583 42.203737796202795, 3.3608568811423303 42.20692753320505, 3.3648095109236915 42.17094938961036, 3.316707529028807 42.16776185156956, 3.3127266387194583 42.203737796202795))",245.0,2.0,16.822579098753597
280,273.0,60636,AN,1.0,8.411289549376798,"POLYGON ((3.316707529028807 42.16776185156956, 3.3648095109236915 42.17094938961036, 3.368755807375847 42.13496983291863, 3.320682041458176 42.13178449019628, 3.316707529028807 42.16776185156956))",246.0,1.0,8.411289549376798
281,274.0,60637,AN,2.0,16.822579098753597,"POLYGON ((3.320682041458176 42.13178449019628, 3.368755807375847 42.13496983291863, 3.372695784417238 42.098988860037686, 3.324650190021409 42.095805708998846, 3.320682041458176 42.13178449019628))",247.0,2.0,16.822579098753597
282,275.0,60638,AN,9.0,75.70160594439119,"POLYGON ((3.324650190021409 42.095805708998846, 3.372695784417238 42.098988860037686, 3.3766294559239296 42.063006467872974, 3.328611988689684 42.05982550489082, 3.324650190021409 42.095805708998846))",248.0,14.0,117.75805369127518
283,276.0,60638,C,5.0,42.05644774688399,"POLYGON ((3.324650190021409 42.095805708998846, 3.372695784417238 42.098988860037686, 3.3766294559239296 42.063006467872974, 3.328611988689684 42.05982550489082, 3.324650190021409 42.095805708998846))",0.0,0.0,0.0
284,0.0,60902,AN,0.0,0.0,"POLYGON ((3.3568979040707756 42.242904266792515, 3.405060957955928 42.24607320893456, 3.4089916187379417 42.2100942883004, 3.3608568811423303 42.20692753320505, 3.3568979040707756 42.242904266792515))",249.0,1.0,8.411289549376798
285,277.0,60902,C,1.0,8.411289549376798,"POLYGON ((3.3568979040707756 42.242904266792515, 3.405060957955928 42.24607320893456, 3.4089916187379417 42.2100942883004, 3.3608568811423303 42.20692753320505, 3.3568979040707756 42.242904266792515))",0.0,0.0,0.0
